Ознака1,Ознака2,Ознака3,Ознака4,Цільова змінна
-0.898414671348358,-0.5769036556624031,0.9504238381860503,0.4919191715065057,57.65102244875331
-0.36146276669398575,-1.0147594931858521,2.0860470495371137,0.41644603810145264,88.65622954294841
1.0062928092144405,-0.38455554422982535,-0.8604133652839524,-0.5768918695231487,-40.73270731060602
-2.929448690002268,-0.56060763684731,-0.12765468151819012,2.052972024501663,12.664714854418555
-1.1913034972026486,0.4738329209117875,1.8657745111447566,0.6565536086338297,123.55685439634277
0.38897872935218375,-1.2094769354188053,-0.30085974714082625,0.2514736089405121,-37.1717698236487
0.020793707675407894,2.0574954697116987,0.6191542610051978,-0.7280029412291344,45.64380660607821
1.6324113039316352,-1.2477831819648495,-0.2525681513931603,-1.4301413779606327,-14.698406073601396
1.669069525826331,-0.13006029355362003,-0.5561187467607805,-0.9425580057918763,-33.14858325516445
0.20838280794755248,0.02688583899453078,-0.22096417382966393,-2.0417348684242906,-14.282825522765787
1.6699045043514062,0.5885784044206096,-0.5805234498047227,0.3946715298229811,-21.772517731538095
1.477894044741516,0.3571125715117464,-0.21967188783751193,-0.5182702182736474,-29.183689116949814
-0.5245202662797737,-1.1290517712172292,0.7216720640432351,0.48937456122791806,20.420107242417178
-0.42930222451725997,-0.03703679704841202,-0.6117690909052854,-0.692420979873856,-18.465808672331093
-0.5859276733177553,-1.4741321320421057,1.4288577078135674,0.32910677871012955,82.72232612676707
-1.5255251709247388,-1.0700847663261526,1.8466369960476658,-0.6919080698812444,63.809286724417255
0.99626681944714,-1.2829922241885696,0.07682189106025536,-0.4937565831613125,8.070805373129987
0.216624975404619,-0.9379255765363989,0.33855287628591424,-1.0257526836402773,38.76746294623728
0.5333592447054494,-0.15171443357722914,1.2753907379990148,0.8394685045184047,63.32745096923802
1.649480894323921,0.8555556590207121,-0.7068925679873489,1.0706105599791862,-16.783786174044433
-1.1701130260593595,-0.22476540189268354,-1.366878698415421,-1.8019804375800197,-67.91599530195087
-0.6626237589458467,0.543360192379935,-1.6694052811213718,0.5705986685931593,-85.19619469145026
-0.002403840918853844,0.4751677464953816,1.1038773433162576,-0.5892716517893062,77.55951172952746
0.4200944904518413,0.4826878872092127,0.9218015019772522,0.606850593215671,43.8210523224355
0.15041890514357642,0.49568188797260465,0.8700677306887542,0.3649610024662254,29.835596609645638
0.5049872789804571,-0.11473644146689901,-0.7925207384327007,0.8657551941701215,-44.38087271162939
-0.12270893359572414,-0.9600462952794637,-1.6548874362282961,0.09337237427665124,-76.50463114948555
0.058208718445999896,0.1537251059455279,-0.883857436201133,-1.142970297830623,-50.970221900424995
-1.008554684076208,-0.5388418561927383,0.26044226333355597,-1.962625691672579,-6.238452185607011
1.4769344261182744,-1.5166425494207911,0.29562448874709507,-1.167779551267935,14.902714317169247
-0.8583577801812136,0.1848361236948739,0.4933179008808892,0.7003098794089914,18.357684860269543
-0.6353623888256293,0.6197114459661363,-1.876552706041874,-1.1896666590903613,-107.14065111260962
1.8861859012105302,0.4040508568145384,-0.16128571166600914,0.17457781283183896,-3.614662020534177
0.0184183791895517,-0.35151348404130867,-1.8707919210258557,1.6764373122752827,-126.09678663021175
0.43477006455689116,-1.7476365098282616,1.7120402840178925,0.47543068252662346,101.12880983305888
-0.483186462299374,0.647195939702741,0.39922312260527926,1.5739867632900328,33.4567307352353
0.4581681147886987,-2.128734094414812,0.0785770297191498,-0.9797212247168068,-0.4934172656855589
-0.9254246260595873,0.08568716140335904,-1.0138959522925377,0.2553837556743171,-52.678464297743275
-0.8096035199216461,0.2801611588196068,-0.02640575695892703,0.4240610444640897,-11.088925414708278
-0.32034730819432017,-0.48388583405432156,-0.6514180036144483,0.4241659464019164,-59.90792346012273
-0.8162172445419648,-0.5639474880582432,1.105900424357309,0.07814306296964744,55.292172601146376
-1.2111719292807812,0.8925973382993092,-1.9701038177118355,0.7307641190665245,-95.46450634677527
0.33385996656853467,-0.1344967844017327,-0.039307287627631186,1.4313667818311835,21.552028019474754
0.16048962397348007,-2.0864776583710847,0.007178466907941942,2.212531039397242,2.0380338885794784
1.0786808334312956,-0.45888426286894,1.6839276914578687,-0.03850846950070721,58.07177560315674
-1.0872459388628026,0.0341524174880246,-0.6757080791616118,-1.0858251288851855,-36.584609081403364
2.062524919243145,0.42359906559346105,-0.955122579349353,-1.0675329142542729,-32.51618948680222
-0.9815086510479509,0.010233061019587049,1.1631637521549596,0.46210347426327075,64.86256605063501
-0.48536354782910346,-0.23681860674000887,-0.7728252145375718,0.08187413938632256,-45.00210509978703
-0.9080240755212109,0.3142473325952739,-1.0128311203344238,-1.4123037013352915,-60.530404165802835
-1.6064463202575725,-0.9555404406004258,-0.12791759148076653,0.2034636358672231,-23.57852322438245
2.1709427174978138,-0.8432465953161917,-0.24606248812994858,-0.1758858124323366,2.959473259638324
-1.3598561409799192,0.04643654815614881,0.19109906801990334,0.7462535660272207,-3.4987985648722475
0.12810441491078928,-1.4307751021180481,-0.04015795064434341,-0.6810516574748808,13.907511403761108
-0.4511588584089988,-2.832155598110569,-1.5193460754768424,0.5517407999109204,-69.77336548341518
2.1898029332176723,0.18334200573835174,0.8723206367206782,-0.8082982853551515,28.639090423413915
-2.438817158276429,-0.5827586576115821,0.26536234939962844,-0.13427916218630415,27.459815907662062
-0.3206676255571917,0.8876554258738361,0.5345056484805503,1.7952113559123222,27.97456346207015
-1.77623523289832,0.14338846734225108,-0.36927713924620315,0.40865281148067084,-17.76033663909179
1.5792128155073915,-0.23413695694918055,-0.23415337472333597,0.7674347291529088,-5.700478451890371
1.2468917155347194,1.7041055162554912,-0.05240445057746945,-0.062004009366031745,-0.6455176741344686
-0.6068651778571754,-2.120700152635066,-2.238231233324972,0.45768658605355206,-109.8800984551735
-0.8987840483231282,0.10435593752321293,1.617212574968624,-1.3303136257389898,83.23160859791054
-0.24032539815813503,0.7129984301723881,-1.2221278088919454,-0.3748208075495975,-44.5406047952621
0.2806364044901364,0.996858773465808,1.4641772387524374,1.7586204841951334,75.24401159371618
-0.29748220087385013,0.9040175547613144,0.2243396567780826,1.3119837385739466,-4.31456578910859
-1.5223591862178911,-1.3526702858435344,-1.0293715081820716,1.1126883749899252,-29.74565101688974
-0.7330329955239894,1.631856899089109,0.20232879642280202,1.8180619225578247,25.991313756859093
-1.8362053731032966,-1.331232953557778,-0.7859894605079495,0.5079913269125437,-14.768675086866875
0.7326400772155792,0.05194588580729943,0.7276295436369798,-0.08071658010858232,58.23090460908774
-1.5193699659540134,1.0324652605511468,2.1221561970126332,-0.48423407286625136,119.83900294535735
0.8250982646676347,0.15519068385897913,-0.32789471651291785,-0.8671302157109003,13.688677768485206
0.05963036992017413,0.9246336829127688,1.3993554365860021,-0.6469367777055739,62.15630967937604
0.4968735905075971,0.5827375831738644,-0.6220348055543814,1.0697714549838502,-43.0333205681816
-1.1022921498364233,0.48387665118803974,-0.5312142946075985,0.681359510442948,5.9203968308282455
2.2988981236192503,1.40934744018558,-0.5172884501003722,-0.36283856043965906,-22.89178228933465
1.360658595838651,0.2773769379581917,0.05993263026632825,-1.308820399119112,-1.2405059619215946
-1.2804555710024668,1.9114190871397234,-1.0708524186844388,0.18947982122108065,-57.265093336915335
2.218780233448134,1.6259589153620633,1.904136589573007,-0.1590452104000513,107.02512767401561
0.3216785413765001,0.5212799050138145,-0.7146806769904318,0.16805980596682024,-38.36657931615222
0.3111099911431952,0.3631156277445234,-0.6082265074447593,-1.889649292096153,-43.90201073968758
-1.371673697230466,1.197246923645228,0.42548993324023027,-0.7094410024275466,41.0471676548071
0.34767648353833636,-0.08152267310164589,-0.5041798310076715,-0.4872285641135523,-6.973717431522783
-1.4480843414973241,0.2320499373576363,-0.4710383056183228,-1.4074637743765552,-25.93807271256294
0.7094518171390395,0.1904996797790664,0.33198033056901455,-0.43548637056984335,-14.253166487167569
0.30263546523903323,-1.146345393018688,1.633431532301096,-0.7542758500193579,97.3008022572493
1.0599363840466218,-0.3920126399191296,0.6934789119139937,0.6170059495766975,24.473245448400647
0.9983108981479604,1.5213160519224513,1.2171585208254965,-0.4316203127180484,57.87611597483288
-0.9627325652846123,0.1704637709965709,-0.34254920085776497,-0.20661127969604665,-29.228973387598394
1.1218578562304709,-0.9823035803773146,-0.05390484900573916,2.3200407220172594,-24.351739984948395
-0.11453984525261789,1.3538723741654128,-1.7131345290908775,1.2378163119734618,-70.92205324782026
-0.5711789897827968,0.6408428612670098,1.7976865268495226,0.5725827813561586,73.65817353808139
-0.8638829605897661,0.41960997202411815,-0.09445871444200275,1.279464931657751,-5.087889279241638
-0.7239903317426091,0.5913492417584003,-1.3957892021924851,-0.19539035117702397,-60.50666160936961
1.4196030045136372,1.321304032273012,-0.649373038321426,-0.6004235657387051,-28.162225870445155
0.7356219972457467,1.5232386217122582,1.667224111551137,1.78179890877106,75.81829302909132
-0.8036745679697308,2.5797093376543185,-0.08828204835125482,1.6391168054440675,-30.099475521928436
0.22391413406466143,0.5524899544171478,-0.019637798926681216,1.3641404299738442,-14.344912531253263
3.0788808084552377,0.3112501545435361,0.5765569630557664,1.1195749114345768,26.488155050159513
-0.11622904312195817,0.2522403964266774,0.09175248444837286,0.21471318317052634,-5.316382919462985
0.32674476460232005,1.4524675344707454,-0.4532484090230134,0.30047435961082836,-38.34681196887307
-0.5503051538454201,0.2606737658239071,0.4940301862827388,-0.6716233679380516,-5.95057997949073
-0.4461834332147797,-0.6526239793023909,0.8406435489887241,-1.889540730945531,43.754643060640674
0.30740669780910074,-0.27681329988892067,-0.221253623585772,0.8157372125392968,-22.306867027105394
-0.7539645888666763,-0.06259312789952241,0.10420110395187607,-0.28067507686677406,-5.723266822746137
-1.5859833122379583,2.088442772869925,1.0213832954293984,-1.879924385139045,40.63683690793811
-0.07201012158033385,1.356240028570823,0.812525822394198,1.0035328978920242,38.492435212624564
0.49822174849678513,0.24650477843200488,-1.111457956937032,1.1401490385212665,-50.41464053301441
0.42154608353656126,0.7441857103150346,-0.23596998721097162,0.2668183962954019,-23.623793717933815
-0.07160125941406395,-0.19634984908497827,-0.2590421458207031,-0.03722223650984159,-1.1651688792745958
0.39379729821625153,0.3687331473175197,0.48206672733538614,-1.92767257934561,16.432516340612942
1.186734620177331,-0.712220763649051,-0.8810683366612923,1.4363354057059785,-43.165439571977764
0.5931012579683838,0.6159356069442637,-1.0810633275998973,-0.3095464393139903,-69.05264101757949
0.34175597577715944,0.15039378647620763,-0.759132661553698,1.8761708392158862,-21.554003386008986
0.57707212718054,-0.7968952554704768,-2.4716445001272893,-0.2030453860429927,-116.03587659143061
1.9764405845154855,0.5844129804724842,0.10589445311523424,-1.5642416117110514,-0.7810189474293354
1.5231240772696573,-0.8612842013282637,0.0773683076476183,0.5389100436846587,-5.7788445151974575
-0.3609661658190799,0.44426331148603976,0.7109599682034915,1.159329803364248,33.01537511732223
-0.22346598237185214,1.8381836767951225,0.36728731340134063,-0.3493167961181975,-1.291665651978736
1.1590740649558977,-2.049941278577478,0.714609790636618,-0.336254738681072,38.64180014439081
0.12229750303228377,-0.429405541125253,0.12522450264790727,0.5432980290363879,29.067614184332058
0.03408346825922607,-1.2239402667622565,-0.6492775450660071,-0.7699732310586418,-20.087926380294714
-1.6834381922209503,-0.20922187374452778,-0.5621680265783021,-0.8058700664961888,-39.53508063545109
-0.4700421477595015,-0.45209033283308037,0.8823330623234091,0.2658782296520485,49.30918176133284
-1.2922626951056186,1.3814540786904865,1.7495839042054206,0.6897078052451944,67.28972382155777
1.3995946451457935,0.5740712208940013,1.5898389781806839,-1.342127748485115,63.881600845300326
1.205994516546816,-1.6304732437151401,-0.18689615816198485,0.7774073527645112,-3.3328422848205594
0.30381859560487573,-1.3810446031537749,-0.7859860326349823,0.7215625051261435,-28.046263619743566
0.8951932200277323,0.3934853854217496,0.6982233136135899,0.6351718016819695,42.05919078448808
1.2897527540827456,0.38115838488277776,0.7533416211045325,0.6731813512699584,49.87002045378918
-0.7353034606819523,-0.5244481362626519,-1.6566232076777738,0.7214793237573432,-90.47980400939889
0.8696059201056602,-0.9221653241776254,0.7569886166453519,1.355637858804951,40.06167791829207
0.32135721545027307,0.3287624103034804,-0.06413834659299254,0.42192075423528475,-9.74717001741882
-0.9896048202585809,-0.5112156764311852,1.593186626639397,-0.12578692009964815,63.00337624321113
0.07005216311318138,-0.16882172319001063,-0.1044492185374715,1.1618783026081905,-12.348985556942786
0.33848384346169114,-0.35316629281068834,0.19438430157733602,-0.29540141013902943,11.060043921311706
-0.12545426000290022,-0.25495579355369785,0.5488838353173644,0.3278795241593574,17.658967794493705
0.7472936051232618,-0.5601810401969696,-0.8289950109220723,0.6103702654334648,-45.632237040746794
0.9751976297824297,0.23836898273478513,-0.9273531341905741,0.5010941699398452,-43.11761831052164
0.4577728661518858,0.7789365035121141,0.4395012306202264,1.6744924333475373,47.95790944467714
-1.801057734152739,0.5008444749444569,0.6380511014407572,-0.5426737997340217,12.398821070629317
0.918316606002313,1.3920022863445993,0.17989415115347845,-1.570500603623177,-9.880123866284
-0.3899237065594453,-1.7518288067517191,-1.1543626682329844,0.15805348992013185,-28.486397164269746
-1.1808128153088449,0.54711911517521,0.02246589281204638,1.114321694668872,-27.909714863020643
-0.5240883979345925,-0.409282438113104,-0.6947131310890582,0.152354872033722,-13.495185003216825
0.09806753953894455,0.6686548047579066,-0.1755639454992155,1.2958717818630143,-0.16884157090289165
0.5082686396745896,0.21539650545628794,0.7682072166317373,3.9262377064363267,22.831158888127803
0.5839281853259639,1.8467073257360336,0.6818914896263114,-0.35929209078705954,62.052069422218764
-1.0676204293825944,0.6228499323474987,-0.45006547147924364,-0.1423794850212935,-31.202131189575404
-1.7249178325130328,-1.913280244657798,0.24196227156603412,-0.5622875292409727,-12.198946012174904
1.5284684264125317,0.26859227886325693,0.0570131248970845,0.5078357562896237,8.708230115766769
-0.6176518954343502,0.1973157074055956,0.08865759096143744,-0.31607285602704976,22.565524797555828
0.12637957954641182,-1.3459796802467485,0.8712972974572442,1.9389289990582848,19.565134675780843
-0.10015407647995278,1.2269332238843076,0.7660802783846903,-0.20367375017696587,24.079711169776324
-0.5923559556520536,0.885231482988991,0.6255080168310357,0.12354769595558233,19.17997297047055
-1.141689114133505,1.4775300810552618,0.08840688629184736,-0.19365945927971812,18.491820032609702
-1.4438548161335418,0.6012067489291149,0.0005279588565972928,-2.296180953137238,16.382877827826828
1.2179591523055584,0.22054142701386686,-1.10486279306252,-0.513196364513396,-45.82503135077607
1.196631486645651,0.4446026682201407,-1.1958830620351844,-0.6097829043193822,-41.381836730490825
-2.038124535177854,-0.4080753730215514,1.2012139221639448,-1.008086310917404,74.83516474484627
-1.8437935834807457,0.1755362295785979,0.30170000890173554,-0.8903178480198718,26.644474516444376
0.3676198402097109,1.0581183250871502,0.6386601686431024,0.1480894197982762,48.33946484583391
-0.46341769281246226,0.5425600435859647,-0.4694743859349521,-0.46572975357025687,-24.269898883279104
0.018819049740598424,-0.37630072492499606,1.088769654216672,-1.1716543473175618,91.72193942815332
-0.370508098590029,-0.7847619081277034,-1.0896330373423884,-1.405567019178642,-46.83878473486577
0.00511345664246089,0.26105527217988933,0.29612027706457605,-0.23458713337514692,17.623614719992922
-0.7728776678236091,0.9475264621228578,1.1241127199860135,0.4070522871245351,61.97881134508083
-0.838585798447231,-0.3078084711388841,0.4086073077017676,-0.8866809222834573,7.969924769409003
-0.5518581458924467,1.262584103427182,-1.5256563145700948,2.5581992856682523,-57.16402201914757
-2.4242402602729416,-0.7472116791478234,-0.021367294348436157,0.8840453963610497,15.189473205555176
-0.9162741005637249,0.7211353625455816,0.8814075289235711,1.3554428011054958,17.132281694611702
-2.0755880090785332,-1.2284438312657626,-1.8311448783383502,-0.08606969279089306,-82.97627322231048
-0.8874921778021001,0.41953244390702776,-0.12094814860778157,-0.43745830032341043,-15.118665920084553
1.6654744444625766,0.9826909839455139,0.25602973431387566,1.0143700650181304,22.575627949198797
0.18102155870370695,1.173473857485325,0.6628812686674127,-1.2968319479558466,33.33259980764018
0.36139560550841393,-0.6451197546051243,0.36163602504763415,1.5380365664659692,9.259127681818708
-0.5765104007267194,0.7591551603026468,0.541462728204788,-2.59104229214491,17.217442773033927
-0.05658848889989584,0.3099989831655551,-0.1858457521927473,1.2189707897936632,-21.282759675623794
0.26912694124510733,-0.3916485674217911,0.3080505395041023,-0.3431922754974105,-12.950194616596411
1.0391117874202687,-1.1388331177807691,0.6222071440434019,-0.07576428653545988,42.0926826623563
-0.2573765374233451,-1.0227925651984056,0.6135179727304166,-1.6685840738775894,33.823330767809125
-0.9938626748348534,0.8107986455917099,0.6549755842216898,0.4201915428949916,12.881509584697522
0.4080528468367557,-0.43112556957509907,0.7828737349485725,0.5507975722736632,57.95192723177024
0.25049285034587654,0.29698467323318606,0.5219415656168976,0.3464482094969757,24.859063278108025
-0.5865312695639355,0.15697296096843422,0.6102161695892225,0.224216404290793,23.532897864920947
1.090861670603698,0.8282296901846228,1.6087808557343735,-0.4629395120252583,88.07588677168916
0.924027019206901,-1.251113576385303,0.326133022242118,-0.18490213644298903,-3.8136364698533853
-0.9899577925520139,-0.18256897437954112,-0.49693202511797824,-0.0350076100062359,-37.544054095484505
-0.049029340838036735,-0.81240234893742,0.678946987762233,-0.16036008104483077,26.559316921913997
0.03471374875256186,0.5136144642310962,-0.8927875154918841,-1.9685042134380537,-25.31174869112248
1.0760071385985983,-0.796025856803489,-0.31905393566661816,0.02131164867194222,-6.02497717365179
0.19584525509768155,-0.7783047254023127,-0.5397596803093615,-0.978372777615032,-30.77180325685929
-0.20902325728602528,-1.2242982362893657,-0.13845598398377382,-0.8505204542093001,-1.29736811497611
-0.12754912037753421,0.9216501119244593,-0.1891203907770335,1.5111549302473475,-16.77172125758093
-0.9077561801469204,0.9022771737866472,0.015618333949603047,1.5192839236417688,9.136915281389197
1.6153756894694418,-0.9224101844985025,-0.3917581490438219,-0.3223204692113399,-31.04089575804351
0.48473281729447476,0.8527736751222195,0.0678555105274033,-0.8463566549908735,22.272797114216562
0.34378788154988543,-0.9571509148950429,-0.9637589262106109,-0.04865235157045115,-43.314096062849366
1.8325570434792018,-0.3212427661179117,1.7388513518533313,0.8141517621182666,76.01071228302045
1.5795721457307124,1.453384477117701,-0.4455025214007718,-0.5228600271532683,-26.414611883063504
-0.9046143749937661,0.04600274725327412,-0.23811043631205406,1.1727568452674448,-31.476322398081237
-0.9457460606967811,-0.4159669279473586,-0.09662367001488972,0.6082461916849685,-15.949913862197167
-1.2883076174635377,-1.276304416538336,0.5737444210044131,0.2927154821418534,23.22113335755327
-1.2644984069549656,0.0976703767483354,-0.856498237409199,-1.7931064525345768,-29.736456597996444
2.1439440893253257,-0.6516003476058171,0.045571839903813784,0.6339190223180112,5.964745860537192
-1.6394841625254342,-0.22954865536034708,-0.6039806259692295,-0.39247110606087293,-75.7892046128597
-0.08343796979036086,-0.6500239344068982,-1.496529255090079,-1.44964521969853,-90.04222652386164
-1.2899608997410539,0.07331796718840389,0.8231705839619146,-1.295078772063616,29.10950355937493
0.4599721429391164,-0.7534178703461835,0.032004149065766624,-0.6777153697521061,16.284943598730074
2.049812095785926,-0.7191094514491859,-0.8239354869719996,0.000682818957482628,-46.44234384664216
-1.0166831285764972,0.6124687940136023,0.756788679986982,-0.2440804736742013,52.19396444013013
-1.548960525053475,-0.9040682897360003,0.19613145902390733,0.2579759812211809,13.22953627037418
0.5211224283793383,0.28555407485765694,-0.05489400061628639,0.645215585950057,10.3651902361871
1.1731246375866413,-0.33381948975600995,0.6969544045107356,0.3696421921980939,28.202096841938648
0.35250496835687956,-0.25885440036983165,1.223083067095325,-0.5703513664136806,46.924001209039815
0.6715311717290534,0.1722543864110375,-1.1793691216326172,1.5280313593878327,-88.28591408481141
-0.3871306497895146,0.8595878869798019,-0.5495571359085801,-0.04541121793223822,-20.43559435067632
0.041325632270618466,1.494938227453236,-1.7312013034449254,0.4430021304473752,-88.6088886496424
-0.33477533210654087,1.0299608175811612,-0.643549832317462,-0.4036484632419967,-46.08268017880978
-0.3494393272169559,-1.3327773974796497,1.2495049007061587,-0.7725687487562407,67.18926357254536
0.324083969394795,-1.763040155362734,0.3436182895684614,-0.38508228041631654,34.32927599983863
-0.531454551359215,-0.035825578706462934,-1.1115802495135512,-1.5678594253654559,-60.25435845444407
0.5689830791852754,-0.5535882417079946,1.6777008140764407,1.628396623128538,67.62938450235995
1.1947628618769377,-0.2841550979287972,-0.9858038086678267,0.8946471875738723,-42.09896540195924
0.22530792204094158,-0.17435425790283585,-0.02355215087423812,-0.3695269288333586,-9.597561616863228
-1.5537587660160643,-1.0718572330401555,0.6704806172412126,0.8178896580250287,29.791137187120416
0.22445181855997204,-1.4643748802098202,-1.2257656630023412,1.0470983026121545,-72.95265299451052
-2.6042138566271342,-0.42076179368105326,0.8868873900973003,0.19894814679649453,38.74425428319392
0.1764415552772252,0.6931056072631441,0.42881650033057295,-0.3670278390833223,32.4480620266559
-0.7084067669104628,-0.060660813814620775,1.9011906857530074,-1.5137143926128271,79.17238270209882
1.5421099525678756,0.18455130319703697,-0.5642475986573886,2.006092888159123,-21.820421919882115
-0.6255627015095294,1.3800913541474515,1.4765403497258958,0.39580353343740904,70.15789625484524
-1.0810565404082624,-1.2767485758203094,0.27157883719537346,1.0531528533329035,-12.400966918897312
0.5964411375817527,-0.6327550298850391,-1.542801515209646,-0.6342858476894031,-65.77805101139259
0.8760467925297942,0.9553005582377528,-0.8892408282283243,1.472670675750982,-52.49575389695504
-0.02730453950993186,-0.15852957302697002,1.1965715016644913,-0.933267959073196,66.7625545623765
-1.3776175007542373,0.43295982536069616,2.4267164863455224,-0.5647740041709423,159.2334992942859
0.7082144232565571,0.018849622944847662,-0.09858813228426173,0.23321613126350166,13.866813205765297
-0.18144906924751675,2.3079162506161106,3.2430929695947333,-0.10633700253131496,170.52754912775305
0.5935567222808619,1.1337700968670645,-0.194908280352681,-2.9403886346642802,-4.7391608627473545
0.22228985580085406,0.42544486418417227,0.18517553682991406,1.2788658133133932,18.91509940662897
-1.2608839543350452,0.40498171096095553,1.7654542402810969,0.9178619470547761,97.08317200641298
0.46654531145012695,1.1013229577357622,0.4441983272906719,1.3462257562027482,10.886466686513593
-1.0263692076658921,-0.24268127681203333,0.7060789138151315,1.23000057271915,43.08287006276744
-0.037634702424848364,0.39913611435207086,-0.5449190868089497,1.1033018820165215,-52.05134680387346
-2.6197451040897444,1.5646436558140062,-0.03582603910995154,0.8219025043752238,23.531068851246857
-0.172946059923423,-0.8848027140269009,-0.4432822511915103,1.7117084801423434,-27.651880215574632
0.9137716213855857,0.8347513263248821,-1.0921636327180897,-1.5457297866907331,-55.94916759651332
0.36659824609684827,0.6696725488300385,-1.3044695005048532,-0.9398797863273552,-41.995535448541176
0.4384757388097273,0.7181857257079345,0.7153813154412441,0.019616657693989903,50.73444455180005
-0.6922503292658964,-0.4482246163001494,1.2528426344274837,-1.9689231424160831,75.30834232677009
2.1573082132655035,-0.48791140814570266,0.6779258713392691,-0.6057149230033384,39.56409289990779
-0.2176812032272203,-0.20219265243389406,0.5470973811700379,1.09877685198719,48.606110304708565
0.7833905092825955,0.4620608932518965,-0.46440426230938764,-0.2515388860444957,-20.961022983362504
-0.02435459226098284,-0.573700003938579,0.5228354880354996,2.1422703586118637,16.412198842413027
-0.949398888831943,1.0536417966078395,-0.9758732529773327,2.632382064837391,-73.45716141996321
1.4412732890661155,0.13074057728609134,-0.44004448669698376,-1.4358621511794394,2.9544199388576438
1.5033983017671506,-1.1583646891925428,-0.0036025390905684044,0.8773622905756714,-11.53163232820917
0.1493634822711889,-0.8256536828021421,0.44477380783159476,0.36414029605466136,-6.343269222193243
-1.0121043752601675,-0.42688106994742003,-0.15800789857898942,-1.6548566718657693,-13.557797325264495
-0.553649305347182,-1.035242322419374,-0.10703035995455783,-1.1978778925888485,-17.800276390957993
-1.0325239035275395,0.9413105807674833,0.19063559126502433,0.39792704994680894,-8.130028506010074
1.8005111815108537,0.18384954475369486,-3.0195121558208253,1.2389463529394373,-126.07302786779218
0.2110174672026184,1.6964563682900382,-2.081929407883722,-0.09671311187039239,-86.92975940693086
0.6141667000434252,-0.22096959953322298,-0.11232804969082982,0.7575077100473051,-7.6268818741795075
0.6337768809320985,0.3098207102270275,-1.1875984190295128,0.41379909745149823,-73.27887495325339
-1.5769964821909972,0.13906039865341766,0.861636124497944,-0.8028244439508423,51.04231830579542
-0.4593608995402441,0.24822058630033608,0.18186625505849516,-0.8498443694647918,-24.159551680736943
0.4258436586298291,-0.07722104522304557,-0.6073544332122114,0.4182057558879721,-41.891529001132234
-0.01383774609423725,-1.9196731561976563,0.02538842054241018,-0.6897277740641738,10.829935078542373
-0.2949496782920278,0.8949243769444413,-0.7184072655691974,1.2477420726737338,-33.25923724151124
-0.4776455826040052,-0.41361566562964275,-0.38769991640856116,-1.2551353719733949,-18.135027455457596
0.33126343140356396,-0.3092123758512146,-0.8392175232226385,0.9755451271223592,-48.516514398098295
-0.15178509503558332,-1.9520877995225019,2.1330333746562666,0.5883172064845765,99.76777413348316
-0.37058276240078286,-0.15936223214590656,-0.45784838618248924,-1.3480471119401671,-22.972380262460835
0.04351466864346608,0.4632885301181062,0.41486550036191044,0.5581395145185063,24.184270745378143
0.7408243454201259,-1.0021874557814727,0.04091917539572113,-0.5132135664715852,24.83753329359318
0.7250957868479971,0.513085420097293,0.9531250453760867,0.5161782871149584,50.627403615611726
-0.9905363251306883,2.1904556258099785,0.5868570938002703,-0.5662977296027719,60.6908673971531
-0.09338685889994829,-0.33286040438251124,0.31745326125017514,-0.5293321124483709,26.459747594793136
-1.389572466763596,2.2909425725907417,-2.499405714873573,-1.6453987469568918,-132.40552523901317
0.4912076654119963,-0.6121669171548207,-0.4835614838465371,-0.35802937974698623,-24.456965897859558
-0.19068240076334658,1.9140313538667861,-0.6237689606958051,0.21743287317972287,-40.12072743909788
0.35701548596504734,0.8496020970210246,-0.5893647569442115,-0.6929095952606542,-30.157129586488637
0.14488783309689118,1.0450884740847535,0.24930859564172886,0.02390304328495547,25.555068887616553
-2.1770650464428547,-0.18150316213566714,-0.9951484818533795,0.17847666388538974,-16.09094508408249
0.5436001545944323,1.1727290192593647,-0.025554070991445278,-0.37061433208610595,-16.338274654678287
-0.3540407109410238,0.591814133741378,0.6728612359668199,-0.573601772896901,21.03341787714171
0.3674816654743044,2.98525900260341,0.17521141890851205,-0.3135296861723979,-13.205912068019042
-2.3629324355418384,0.9039348410861953,0.4365598041576678,-1.0097307047099375,0.32994831314068307
-0.0332299906444608,0.10855970577652314,-1.1437262073206618,-0.2081168572725397,-40.78499680147118
-0.9519184600222356,-0.21220896990115168,0.07203686128374476,0.07748051851886253,21.257718589211034
0.9192289345752035,-1.4382779783173667,0.11327041053776446,-0.668144085538994,0.46732647451633014
1.1428228145150205,-1.168678037619532,-0.03471176970524331,0.7519330326867741,13.24458506857747
-0.8108575112103382,-1.0150941918278686,1.5805406865683735,-1.2575778589146163,87.47064757249916
0.8339221545489041,1.0807807255546218,0.5597904479310398,0.4591800792284367,24.0724179107323
0.0012054753622242368,0.21329370737293857,-1.8936146669537857,-0.8170886310681906,-86.1391148551701
-1.4218106667418438,-0.7567950885694608,0.9960476858058164,1.5013336519554867,43.45111689046829
-0.9993022322949108,-0.022868062298882122,1.2969945465611092,-0.5047749212282174,61.014592075414896
-0.8182206832334725,0.5951570254369136,0.09699596499271819,2.0923872756854602,3.8230080897211156
0.42934082280173436,0.7105491022977853,1.3934545275244314,0.3796396483859655,70.91283881666203
-0.007972641316617372,0.8816397569494505,1.6871416350725648,1.4799441388900259,83.62338422435332
-1.8400777445057528,2.5115565515844236,0.3467099776049199,-0.032280611049470324,28.059783708859197
0.1053755061459599,-0.9683444548636353,0.5500520990245519,-1.3340254949182044,25.67007277796148
0.5152943216244674,-1.2790307362197864,-0.27999330187447974,-0.8342818100346248,3.5327694546240416
1.2000789564268612,0.21128369227947272,-0.6067002947652967,-0.49190244750620515,-21.07501801719165
-0.6749340187905523,2.046862195719558,-0.22247489677826537,-0.4030759890650308,-14.930772399334849
-0.9649234605801045,1.3686315575323487,0.6453759495851475,0.6860514599984393,47.12478046458384
-0.19793772898468187,-1.1738799644089726,-0.581782033392054,2.067906338163552,-22.35336612713207
2.095843501809159,-1.2390527025266425,-0.10343122429028392,1.5944423917491968,-14.410971758056405
-0.06468860503251848,0.8201581867554845,-1.1430193120737286,0.07287409801551539,-49.12403973740034
1.301741289398798,0.2992925804064919,0.742095372009307,1.5615111967268527,63.87762580493718
0.19652116970147013,1.3291525301324314,0.6427227598675439,0.7090037575885123,32.2514239884685
-0.28438464960650933,1.6284685547723217,-0.9647054257507148,1.5905820726178503,-49.1353954766621
0.5950294658355647,0.18142662011397137,-0.4561208274741882,-0.5574230531083212,-13.298998891658673
0.19042388992505774,-0.38852077518300926,-1.8697416996954206,0.44921872128503426,-93.68557911595701
0.6476885381006925,-0.13826430117118466,0.4967141530112327,1.5230298564080254,59.953022358337535
-0.7076258948220261,0.47004418736820214,0.4322629506341555,-0.7121738641760436,-7.413027879026149
1.9203675021442612,1.3313390619884031,2.1247714030169615,-1.222895019555564,93.19402807832878
1.1487657003721035,-2.8485426206300755,0.7716987106483447,-1.7397137787780996,28.633365271786353
-2.5302875227463297,-0.9193845915864234,2.0740826697499735,-0.2860042218801108,87.35225926736065
-0.22485598180807856,0.07685188295876821,-0.13125696709230472,-0.6500025808234597,0.6204007746004541
-0.8783230771797389,1.9412174364637491,0.6654168236917787,-0.3780078990182172,42.47714470770498
1.2374381346841392,-0.0635245746153551,-0.8000385643976464,-0.45730165508679,-40.807276344493495
-1.9093560875072928,0.7396531517246714,-0.13939720066323416,1.3183023248526693,15.058832209221652
-0.6267172245899651,-1.3796181647889305,-0.971656734541286,0.8623934723827588,-51.54167454304263
1.732514999485092,0.14294309476370676,-1.1939250063990554,2.2313001461926323,-33.57488660278199
-0.11122606134870032,-1.4137144969049802,0.169360824036078,-0.9039076414647897,22.19332273868383
-0.2918112689155441,-0.2523535021262876,0.3230792731160291,-1.563190808696657,14.647839178936305
-0.97536602727825,0.017613251933657315,0.2257615231117544,1.3035079319347591,6.818990577731438
-0.5501152829365389,-0.8320613048498566,1.991553302204734,-0.14702542343084998,100.6246953777899
0.6127739050625697,-1.0399059271255309,1.1081828167375165,-1.0534155631736561,55.92506970091403
2.6443433470170348,-0.10594835430413566,-0.46531045678005334,-1.5029703283951532,-14.47918736892524
0.03800347816820029,0.4363236696740321,1.7275431701007113,0.1200313267182613,113.05172820783389
-0.535963445114048,1.0859821161750323,-0.9354387020445953,0.8080577982811451,-50.15800839081601
0.6354180302092264,-2.0038623644067535,-0.26451484131061076,-1.2392583948534726,-21.429543188510536
-0.6047446645382127,-0.18452535765584954,-0.6243453897132241,-2.205566057099069,-28.4136724135043
-0.21566763754763232,0.6464895377257707,0.2314459225255723,-0.8729610904537004,8.242797403635059
-0.09363618873917084,-0.4711246518178786,1.0826910538870733,1.32579664754219,64.23007145581953
0.005243699718183166,-0.5993750229537729,-1.594427658794367,0.046980593764742055,-79.75594918649959
0.3733485597113982,-0.7280770978553212,-0.3600392687569827,0.3123782104665717,-4.613725527918662
-0.099094300241269,-2.1272274203514954,0.8467707752164937,-0.6028206557839616,33.26099306376082
0.5655096456315442,2.601683114180395,0.24075317948856828,-1.7607627591558177,10.466377477299057
-0.1973384203073261,0.08958068125524882,0.5556044660034485,-0.1512732836535117,-2.3876076137787052
1.9725421767898081,-0.07566560432583026,-0.07397286359437803,-1.385987942398998,-13.135397382936507
1.5541604207147741,0.34233783448962146,-0.33513778117145177,0.8539759765522237,-20.666262323789507
-0.8153756283161211,-0.6382827265284942,-0.8319549174944512,-1.066234931899225,-40.42787861286781
0.9603047962814704,-0.33638694541113623,-0.26265952031616774,0.46248362406685406,6.891290989056467
-1.4359095238685275,0.03944704824073949,0.4240668615184512,-1.3158158164275071,26.035201492628918
-1.6074832345612275,1.307142754282428,0.22745993460412942,0.1846338585323042,-6.2907737227142615
2.4457519796168263,-1.1254890472983765,0.2799686263198203,0.1292211819752275,15.26379945279814
-0.6017066122293969,-0.2916937497932768,-0.600638689918805,1.8522781845089378,-38.28056830442838
-0.38817681854122876,-0.30246968648812833,-0.6134026635409398,0.1704162223754877,-47.057124402115605
-1.5839028234857233,-2.4238793266289567,-0.4523063192490767,0.7604146561442974,2.535905994161965
-0.3464265060068996,0.22423474453529177,1.855503314794263,-1.611567359102828,81.6857201299084
1.030999522495951,0.6116762888408679,-0.6769220003059587,0.9312801191161986,-36.020614049742974
-0.3653215513121087,0.13653533108273744,2.013387247526623,0.1846803058649084,123.42900917992007
-1.3386057997232488,1.4532606633210343,-0.23086637384476896,0.6929186230316111,-19.787659005305763
-1.4075116947178212,-0.37144086599579146,-0.34268759408034877,-0.7778166875908753,-18.104336208984513
-0.23040071420576733,-0.7584953347000695,0.03279699541158651,-0.9242331442683044,27.53899425138796
0.14125714008746323,0.38298898474092846,-0.38502181171286365,-2.1305664798072006,-12.573338385066636
0.06980208499001891,-0.6002168771587947,0.19905969557347003,-0.3853135968617602,-10.206549153569027
0.14088624691120394,-1.1196174332890112,-0.4888494217862741,-1.7684393655628516,-12.26006401169884
0.0438114719791096,-0.12982069973342616,-0.1852876588777083,-0.14700200162848862,-14.93271754483753
-0.5888668267386961,-1.097302527632844,0.2167755637626291,-0.8372624310497003,6.411490041054509
-0.8353470532597573,0.27899416222380197,-0.6734906242438685,2.1451491277733883,-11.746125895539496
-0.661786464768388,0.18645431476942764,-2.025142586657607,0.852433334796224,-86.0863171593616
0.822544912103189,-1.0577109289559004,-0.013497224737933921,-1.2208436499710222,22.976202432887238
2.5600845382687947,0.12200981464536144,-0.5756378262377739,-0.09605989972464987,-52.622427876848576
-1.0022170189267248,0.7760279138434754,-1.317131919946585,-0.752435237353035,-94.54231773140586
-0.5835993263460049,-1.3971181851129912,-1.28716356858425,1.0383788510193166,-76.92550940392262
0.6387302220291846,1.1870303055603801,1.1055259329579838,-1.1430049127304835,51.53424151908397
-1.1818741254208012,-0.0003136726117747121,1.7611881248673737,0.44947391283230687,78.45090021437323
1.0005823180429783,0.9191541736100015,-1.19363683175648,-0.6706202090766449,-78.41897977812039
0.1566937282465246,1.8972886947731116,1.6957228778108653,1.0235306441853447,99.30869495668969
-0.5522230442809712,0.4714155563864041,-0.8323555731042287,0.6329318177555108,-58.011044480934714
1.158595579007404,0.787084603742452,-0.9746816702273214,-0.8206823183517105,-58.82955829776452
-0.9489165208248372,1.52100622715938,0.46667098196608103,1.7473631979155582,52.61745809000139
-0.3613105619672905,-2.6031370878272986,-0.3021805869826214,-0.06418416128881928,-19.38434590916664
0.26739231407190295,-0.29027454418865134,0.9190764829877686,0.3216978061960136,57.4877327745419
-0.835142901630023,0.15175799224874037,-0.31984752325484395,2.0895387216947734,-2.41940499436204
-2.0674421000398766,-0.03269474809409311,0.3840654489393073,-0.08912003951278841,9.805549757389768
-0.965664803523208,-2.4932708203300775,0.5027448074908146,1.6291663649009451,26.956670699658297
0.03402741107223205,-0.41521376790527154,-1.3495762115515322,0.11137260184005242,-86.10608828854464
0.4822489526806572,0.7426824183597224,0.07595526791608741,-1.2376624223272978,-5.11612449592713
-0.018708756445897416,0.19473619471877485,0.655900776529761,-0.38851845308888583,29.00081283512914
-1.9670697035871523,0.14035986984804696,1.2005316584738726,-1.1171864617070024,9.102785386487895
-0.9680457585102453,0.37976763604089603,1.2376537575119981,-0.31030770538490365,65.50899730523342
-1.9187712152990415,-0.07444591576616721,0.25755039072276437,-0.026513875449216878,27.733060044143073
-0.08836295920533532,-0.10960980392583083,-0.4363858905265686,-0.3700110298821277,-21.341353188846192
-0.7303666317171367,0.6795977489346758,-0.7153037092599682,0.21645858958197486,-22.08872963960244
-1.5506634310661327,-0.5034756541161992,0.09965136508764122,0.06856297480602733,29.147909948623948
-1.7710685530880912,-0.7597031174802871,-0.782003492511037,0.47154238041820573,-35.10507692693047
0.8004095252276823,0.43192254467394064,-0.6414815952229522,0.7542913298135743,-42.25463390280543
1.0729780477660118,-0.20931381957936157,0.6833289928110694,2.3638724946193608,26.97061767893608
0.7313802525749924,-1.2578681559088878,1.1927351654164144,0.5904220612514635,51.52763474835578
-0.01901620790268883,-0.1599385299634271,0.8576596232020194,-1.0025293646378088,38.90078497190649
0.6220699903060487,-1.3122191934314063,1.0817667276728287,1.3289333195354096,34.85652014849968
-0.5358014630522978,1.5337277099164992,-0.6292633936927887,-1.7073579575929467,-32.146478376264234
-0.9037018607301281,-0.024195606390916165,0.40373009033660945,0.324359281721603,34.5183540174591
-1.6275424378831627,-1.804882100664519,-0.7632591565425169,0.048084946661381994,-35.54196678618465
0.49201884799279927,0.4209729443893898,0.6988284202025348,-0.5260348426675804,13.212385830345454
0.8903831635197862,-0.3570292008066094,-1.5178737466808094,0.5752050161065663,-65.41006687141565
0.3904648499288896,-0.13737178839939665,0.8508979621679722,-0.10322175293249623,63.27615624555149
-0.9232332461109043,-1.4066610968482223,-0.6115178029919482,-1.3516846056163336,-21.24370715383904
0.9788895585567792,-0.7097889922335351,-0.6143231440962944,-1.3717431292635056,-43.55310987446836
1.3103087461196083,0.7796605322693398,-0.30803428418574125,1.395683810789956,-7.132899188804201
0.26256132900192497,0.8743891807127275,-0.47622087354465903,0.19358991136754436,-7.589207134331286
-0.9161919154812425,-0.6905410523162594,-0.7837656655863965,-0.8318222082304447,-41.60792945112111
-0.5262478565174211,-0.4997301761516306,-2.7475048427252347,1.3883377782084478,-109.43131753781066
0.14098269961206,-0.6141225650083162,0.1455211977682408,1.5886269280435958,-0.9555642310798804
-0.025026958745143917,0.4746982328799528,1.085895565831578,0.8177662992002871,66.99774523195504
1.4974316831796264,-1.0513099116393445,-1.8316822472060261,1.8577023435377324,-95.84324298645002
1.4205042479898549,1.1890165311075518,-0.6373871273065177,-0.5707462937494763,3.2930674211704094
-1.4152671919241875,-0.736770135947622,0.5859042011646491,0.21853404241094568,18.086371883817996
-1.1967886464263116,1.3305749040390402,-0.7801991291174627,0.8936976893891109,-50.74832224799867
-0.6124373746404379,0.2871241652018242,0.9531366339132451,0.36150352520610163,56.83663397735552
-1.2172826922204794,-1.60027110450371,-1.388542553831211,0.15946250680412918,-34.26386798108946
-1.7730324682068814,-0.05139372358848624,1.1260502507721681,1.2619215007139917,53.94427887670615
-0.5353281859539227,0.8474216771504216,-2.172669546014036,-0.09053328230416077,-96.42700138172228
-1.236950710878082,0.7818228717773104,0.25988279424842353,-1.3204566130842763,25.70921051696744
2.620793091029975,-0.05020461704174478,-0.29967664800678706,-1.1119670257741636,-35.15042753684896
0.28869362927985703,-0.2500465145989528,1.3924653000643288,0.2603218387712207,70.5293512450698
1.0302834540318422,0.43004164719106963,0.38193545223155334,0.23878915902651351,1.868170201756623
-1.0425776946705763,-0.32669621318636405,-0.15032046027187207,-1.17223375343664,-7.28018329726727
-2.0650830462563206,0.7510994545073101,-1.9754877712171375,0.02845758118315888,-50.59403467787582
-1.3985675738191412,1.9094166404701305,0.9261775475316414,0.5629692366905709,59.92160274576721
-0.4465149520670211,-1.5148472246858646,-0.846793718068405,0.8563987943234723,-65.5641860759094
-1.1227220215622986,0.6748194921666038,-0.04946370965243295,0.3824097461840506,13.980113678233973
0.6504500925361392,1.4015985929464294,0.4183982208886837,-1.503080301759818,15.21280144642791
0.09612077694098337,-0.5160447282173739,0.9382838059759977,-0.4622752887050425,36.79693072883073
-0.2549772174208553,0.10643022769189683,-0.7128457826771644,1.5039929885826886,-54.51207969308108
1.0560568090660518,3.1377485336599937,-2.1356742139786955,0.22323891412915967,-119.2382570791281
-0.1115088271429437,-1.1410085097527383,0.6954024745502987,-0.8049664808525608,35.99193532693846
-1.8179792253871547,0.1435879365051602,-1.9511018640386248,0.7597122954841684,-76.5017197925124
-1.2504077339697175,-0.0007085945766459172,-0.31305803052315434,0.6045153263553668,-18.84809169090603
-0.4442932600761116,-0.9787637157823074,-0.26987493529337125,0.3773004930448522,-8.307469432533171
1.1792971840638264,0.11567463429285867,1.551151975522523,0.06751848141010895,93.41604127944247
-0.04889718347410554,0.8451579711843216,-0.2788833941507565,-1.405189846803575,-1.9876616650877672
1.7349365758368085,-0.7837535211244283,-0.2885486958757048,-0.8567720938267928,-13.596830470640064
1.246085192497629,1.0915068519224618,-2.650969808393012,-2.0733902324081495,-129.49463071206253
-1.024186824329205,0.6308116845547775,1.513449743242131,1.8540925663341883,91.7360139815503
-0.8468509661253646,-0.9878733409007492,0.2837510236615011,1.2496189052966666,-7.070720099076423
-1.4990159604584012,-0.8449414385934964,1.0094717885959688,-0.09184476433495513,38.05696315145089
-0.7798529462216388,-0.7908993816675531,0.7821300015314592,1.0819848092499422,43.60296094624488
-0.20812225035727522,-0.6226995198205938,0.28099186773503265,-0.4930009346588328,-3.9704323201122396
-0.5698329282387588,-0.4242363333980435,-0.04551224530124217,0.32950873557300914,-3.9850565880945834
-0.28744751940035557,1.7246966497611085,-2.0841129394985884,0.2873289044030093,-99.06261434729987
-1.7033824393551547,-1.3801014582148914,1.6286155455712918,-0.05554769889661878,62.575311473083495
0.6855077387902041,0.7579218499236196,-0.7309562757154733,1.8486088332964115,-35.121152933810876
1.1941094030473725,-0.6775646523356551,-1.7258067287905967,-0.9811655311396816,-83.28354903462656
0.7942646796218271,-0.5290526773462948,-1.5625458568865427,-1.2542894231692494,-81.380392498566
0.5720574417141441,0.5142547560178349,-1.5311075025557221,-0.062191016999311004,-78.2457952839618
-0.5574917850078336,2.2105230015913513,0.9638791167949097,-1.3698029795790778,44.215392844494076
0.7441919714999368,-0.6475418056351592,-0.3583401520212222,-0.181224173218103,-30.031165165094784
1.0018248536819372,-0.552920837367302,0.6647027453331099,-0.49757083838520716,29.48123928706772
-0.8696630812746944,-0.9020515543575104,0.3764095260975166,1.1254347844147694,20.329398635029783
1.7549330716472415,0.32159321133923857,-1.514470309180767,0.01840163078343813,-72.69895570228186
0.37710039390218647,-0.36961033604363397,0.6215718898560508,-0.029262813684978354,33.58455722943637
-0.9163209190734197,1.4526167454861794,1.0651719657143865,-0.8369207037962799,63.81210851806949
-1.252393444413119,-0.01208894784605456,-1.4511756900515589,0.3636318826249679,-83.12457356070303
-0.6465728842425266,-1.4222537095976742,-0.7563507452843033,-1.081548003614395,-61.90802813052176
-1.423957152450145,1.5334337012963255,-2.211861911329507,-0.2666523292344148,-103.10479660449421
1.2816437950037687,-0.31771509675623405,-0.375196380323937,0.5576910607251245,-21.763725486677842
-0.39305275706140097,-1.9080021371233076,-0.7999405067019342,1.00163182520856,-26.33175350004483
1.0683793336940164,-0.39622967810175985,1.2395840064415615,0.604120889588518,45.621060244960695
1.1356201471829441,-0.23655528721894603,0.9321915642603847,-1.1062935124116342,75.62906304566685
3.152056734512085,1.6406145634882874,1.362562852712452,-1.123494033239598,80.64882205781906
0.6347214685617699,0.4891871301476635,0.3506300992735592,1.1096998419562232,-6.673937517043189
-0.9913923494563072,-0.8469613483183278,1.5945050632249722,-2.153390113603715,110.12203865543933
-2.1218548990085946,-0.11806852699107874,1.3171150673398653,-0.6078219870944325,67.85121797031402
1.2004139079444254,-0.9716140385106515,-1.3471262895296965,-0.6568942789713957,-102.7231951077932
-1.2295495944524168,1.9583474542205939,1.100959634998571,0.4966992232365217,75.40162200354129
0.738810480887503,-0.2595466775839172,0.5131057981760827,0.6153674840130534,27.89332672693281
0.7324921027798023,1.2723535001067678,0.26402008133367,0.28872366282502326,2.8925374180362162
-1.072139011985607,0.08614388304637476,-0.8275902206487197,-2.9213504834946074,-40.9816285757557
0.18676676447707832,-0.7257438131534656,0.517659020469123,-0.7553829323533225,25.27057500619351
0.0953441994413082,-1.5648027713620551,0.3496500472996937,-0.2634482160822491,27.93267276027493
-0.0070449854805546995,-0.7893385057196743,-0.4519493719118777,-0.21560957856802238,-22.966658921177306
0.5320061988219431,1.0613709648731335,1.1008213984226052,0.3616610612470166,41.234489193033525
0.597400069849858,-1.2276078151369925,1.1894704889246406,0.7011727423108983,49.19379334727458
-0.18714426500454878,0.4283070972076486,-1.0623935281468797,0.985729995679863,-57.1459809888458
0.82206015999449,0.4127809269364983,0.9633761292443218,1.8967929826539474,28.273401487106845
-0.19469729611668168,0.7450053128772811,-0.7188323876087304,-0.06418817710849775,-31.96437210653408
-0.08923415422144892,-0.4114931445621802,0.07268052432934134,-0.03757064497948127,-7.473894092821726
0.6067230591361827,3.109918556005361,1.9956674897839644,-0.18319661872038787,107.67638856178715
1.5301951988633513,-0.5152183938082427,-1.0105982199289134,0.664927162301741,-52.58812550818787
-0.8476339286190848,-0.21804589539237385,1.80930634973311,-0.6520888885930607,90.71935199969482
1.9870611116994412,-0.8798143535020543,0.5628808601743548,-0.5309708978119645,8.591344526304383
0.22907468820570256,0.0516609768510798,0.9583858198420424,1.0743180127155614,50.29855880061439
1.643378155804534,-0.3202978045366419,-2.077811819856197,0.36064789143579495,-91.3786887320934
0.9503075919735757,-1.067802921579193,-1.053682419146354,1.7106133725819253,-58.481560374243706
-0.41360553342164424,-0.8603850107795019,-1.907807557877391,1.8876876573401904,-82.61556019446027
-0.8130143722601298,-0.01109200394860206,0.32208231076698546,0.8232799156777053,10.111806718501843
-0.7170161491279362,-1.060605066396601,0.05225849049748321,-1.2845842656999693,15.564576424549081
-0.031058932870901952,-0.5846177306571996,-2.0870270186020687,-0.9096834169818336,-100.70156120538033
0.43693816974634986,0.0030460201534144695,0.1605739810498646,1.1906462747863413,-4.8888022486461145
0.6218099622171964,0.9725544496267299,0.632407739055521,-1.5702247198904564,7.0992417089461135
-0.3427145165267695,-0.42064532276535904,-1.4153707420504142,-0.8022772692216189,-73.5473792272536
-0.37231905293792283,-1.8831502080585838,0.7127120288613313,0.4373131870389607,30.704541825070372
0.20726732939894396,-1.0039573720814985,-0.9218598131253132,0.06934433703625043,-17.23752486425702
0.08228398927542419,0.889630795623437,0.26705026586925884,1.0654803750653512,25.6566157785155
0.2010990467149675,-0.05761879703358539,2.403415585238275,1.050654396007612,126.8188848761683
0.6820694900626313,-2.5322460852196853,0.4359753895000459,0.12617790366196718,27.378851724645692
-0.5487249077409615,-1.881849045497639,-0.12853751143893075,0.09284490114111471,3.3314919457828793
0.29219272832637316,-0.6677795564688862,-0.936506374789596,-0.1873290184063747,-15.469490440055768
1.185704154662997,0.5366527525272862,-1.0469109826819396,0.7189533106650667,-49.32692397661759
-1.7938924978678903,-1.6873443471107104,-1.153332403205745,-1.3554475031122892,-51.49887754226723
-0.39210815313215763,-0.3276621465977682,-0.7020530938773524,-1.4635149481321186,-46.2914063036561
-1.2601647651725802,0.23070090571868349,0.020886488295961788,-0.6163614080394775,-0.8989122712855848
-0.4830610516834395,0.8950383140761154,-1.5811907020321334,0.14679301198554937,-70.94436086346286
-0.5583017539460305,-0.6172531865469232,0.8389405004696122,-1.100154232971695,40.5152179806861
0.5987943895619102,-0.006521315229458062,-0.20149153394751798,0.6683404887180808,-13.488409467380029
-0.09139955750911445,-0.218653277435036,-0.4545477187434442,-0.08087849786546131,-29.44724322350727
-0.15005558703252672,1.3757068133116195,-0.29756350335999193,0.12557645347154225,-31.23511673633473
1.1581108735000678,-1.2141886127877322,-1.006017381499702,0.7916626939629359,-56.36890533442916
-0.18047991359062565,-0.07783719701280203,0.883109777147159,3.193107567844861,46.283930289519915
-1.6685992588781953,2.8684030556667683,0.012499321907250335,1.0587285298838789,-4.51740988758839
1.0126374096440718,-2.132595626154836,0.2810092502818063,-0.1581538443723203,23.42181223752891
0.3109075655980046,-0.21344715171184725,-0.718444221252436,1.475356216949552,-23.441008903765493
-1.2565068942792563,1.4436320034688142,-0.493122822399772,0.8132051867479773,-43.655630027144845
-1.234348871879922,1.6155828235482317,0.9648516330974576,-0.5924642591528942,38.78921579354084
0.07156623721939247,-0.8560838259088672,0.8303358165442456,-0.4776574467651167,60.06731560459794
0.543479378670093,-0.8463159774657358,1.2637066776546686,0.1998104337187135,67.1686947968801
1.0325462043416573,-1.6624919880356743,1.3043402428781525,1.1267051368275833,64.44639043190654
2.271449745422796,1.4891131083282896,0.5055892418358746,-0.40439742318396127,25.375883971965813
-0.061764199860128925,-0.24149744587077882,-0.2561797524953801,0.4794415180860639,-18.40172119020331
0.44381942814622843,-0.7076694656187807,1.2669111491866227,0.7746340534293368,47.73324993307699
-0.7345915767980492,1.1647393544571714,-1.6151318159055095,-0.810252437014381,-79.90127596431995
1.3705361439967134,0.7574951493374855,-1.0501407396021456,0.6952029000839993,-33.604208641058705
-0.8895144296255233,-0.7537361643574896,-0.2453881160028705,-0.8158102849654383,-9.013361500613435
0.9751197334177512,-0.6771617115121117,0.07580455819372633,-0.14705738150213865,4.656916367493472
-0.8184286659420014,1.5634133588321082,-0.35141423571373254,1.532367724678116,-0.090925961755147
-1.4183657329330317,0.9325908318730899,0.22468472575188592,-1.7608088119807759,8.656141060990745
1.586016816145352,0.6621306745210467,0.11351734525124804,-1.237815498826849,4.111053560440692
1.6999573745763805,0.3113086734428849,0.19729226563120644,1.0715431522348857,4.7168384349012245
0.8794170411374032,1.451001438131336,0.33085130461557777,-1.0773760769847582,23.54638377733285
-0.41619440488525394,0.7505791675217656,-1.5171736966716791,-1.1300693390403578,-89.84671058197424
-0.47883745600840416,1.0971527117536957,-2.1533429198712444,-0.8627757640431206,-107.39586466772411
2.4851899166788916,-0.8505352787470439,0.6030946849488336,0.2647753109779796,34.73981710675531
-1.9122549754197768,0.2700573583914221,-1.8206033005485172,-0.06863404608546861,-79.53228566239807
0.42961821913258585,-1.6609609335159914,-0.07016571145864703,0.20768768716311115,-21.000511601978154
0.6032475005713938,-1.8579014513982872,0.22899639245934025,0.29815846599052565,-2.988802031692801
-0.3216350512173826,-0.3492577043184288,-0.3486521344078592,2.076747983560841,-5.2248076431941985
1.4185313451480366,-0.2880388739220764,-0.6277339060845056,-2.4878086565350794,-36.12150182196774
1.66125921454787,1.772251596669744,-0.027514905050636255,-0.45709625658627184,18.481403687844537
1.235782191822154,0.40429475496169764,0.4367385517335095,-1.0710536796490489,13.701127535690643
-1.0962750868952018,0.015579047581467534,-0.1730718242838696,-1.4400508825942944,3.822078688121172
0.8691545924968965,0.9854496856152184,1.5781180575621845,-0.4555395260238707,88.0665743197707
1.0291556373256436,-1.7025836042378404,0.40825275571447184,0.472597482413043,30.819964922322654
0.31952467078295543,-0.7284616216803428,-0.37185788227866556,1.653617268492285,-35.04998296796853
0.513907849658915,-0.6777449705248515,-1.0003313246055747,0.17958178193959795,-43.854995729823266
0.6327818661062848,-0.4152879139008013,0.3384964074944141,2.270692857804396,15.899857637236188
-0.22939074406802776,1.1695899924277735,1.0473177066214483,-0.04347694981386243,51.13354882054782
-1.6380290574360168,1.7031726099180378,0.9955815140020298,-1.7863754653546866,47.162649946831955
0.2965755451407618,-0.47949296739924335,-0.4430440211284823,0.4631847952675847,-11.174966671317476
0.9495945713644882,0.5483196275544987,-0.08743532877718108,-0.059415181272494094,-46.68250288616224
0.9356783931474612,1.7522704434236227,-1.1105758454658288,1.2715550949941588,-39.22975097449239
-0.04692057887918407,0.3465038817307158,-0.46770120131189136,0.47704082722312147,-54.53959480215944
-1.5981243518837476,0.5885532697707198,-0.42924442029866183,0.46217266608194285,-25.39295967427798
-1.6891830379672617,-0.7746149700185819,1.9234457948249533,-0.47126374070251964,88.2624720528666
0.5387559924463692,0.0760053914124115,0.5583269125217224,-0.9206735930793662,0.2588771236092313
1.191707497107065,-0.15024298879825998,0.0731969910016945,-0.08371795984921201,18.574988277502225
-0.2489641484790735,1.7553408424432044,2.060747924881987,0.9715709509543554,92.55280829574832
-0.966976143129213,0.42545756178496474,0.7858001586508322,-0.047711356141979855,47.441908318773045
-1.5327005598899308,0.24300472205439969,0.9500158286696456,-0.1962806513879368,44.15707351398502
-0.7043436905427592,1.0490092258368893,-0.5227230205190395,-1.4084612963635597,3.6628211741646766
1.083051243175277,0.5607845263682344,0.3577873603482833,1.053802052034903,19.21567941233588
-1.6826586941226858,1.8071966436378852,1.4509275482792119,-1.0240285908863795,51.19629711560024
-0.8756182533847572,-0.1903386780836082,-1.0372461543264564,-1.382799730964336,-25.04307649197219
-0.04489303012253698,0.269294752580734,-0.3998990621311371,0.1825010305992134,-25.447389312079935
0.7999419019420501,-0.30317978283427544,-0.01941960588773261,-1.616310608436588,4.083433620413727
1.4926885689595217,-0.8031789506803448,0.9135846262332494,-0.2711236010425688,43.23579439768068
0.7081086766885905,-0.1524698363805439,0.1335409047822823,0.9567023167945841,12.808602991312803
-0.6518361078021592,-1.2110161997624567,-0.06607979864731657,0.047398671316414016,-3.840515253716629
-2.1523835446091804,0.03003147916408217,-0.8617030702562581,0.8764556455029355,-26.695213168732288
-0.6248185776956788,-1.2795769667357015,-1.8408742313316453,0.026091050210833786,-86.54777229057252
0.4810092317367132,0.725766623898692,0.10939479460489289,0.22388402427913137,22.498518223060003
-1.1617838439123638,-1.869816339532164,0.45060341286253885,-0.28313889674376713,-9.532922038432009
2.0997217891665154,-0.06613261462582246,-0.4367197360405955,-0.24702570074599667,-31.47674545266639
1.5475052013300616,-1.515744114997232,0.2029230208512997,1.7958776730955217,4.811132713877219
-0.3649527295428853,1.0725073373098022,0.538296079049633,-0.8392096673390064,-1.017018390987669
-0.2685306479058323,0.8968393158655319,1.6122206282554243,-0.8911922254152874,66.12421025683805
0.5972282182533848,-0.8950698422766047,-1.1755946056248516,-0.9483480042242007,-42.65513219110018
-0.6095122021592831,-0.30522470435466764,-1.0651136630753726,-0.186971302985446,-17.48628247618357
-0.43676423723821745,0.8260471714415063,-0.1314725956716678,-1.6065771007386793,-0.14756869002432094
-0.18687164416135904,-0.8946073022195039,1.2557561255735208,-0.4397310582741749,58.51115307234114
-1.8751724696457446,1.3404504460231446,0.31917451041918043,0.11502607914741717,23.286233759524986
0.06428001909546277,1.088950596967366,-0.47193186578943347,-1.0777447779293061,-17.95555097050422
0.11958036841415326,0.5792914996010884,-0.015309849172995557,-0.9730689408815555,8.998901769527649
0.058984221589597374,-0.9822940342546795,0.4535087125544674,0.446872500802698,29.448175915817487
-0.9958153947902291,-0.4081008391602206,-0.8953463223630241,0.651136241823657,-3.8532782916475554
-2.1899217049785533,-0.7567639770159263,0.23278674294016363,1.1945922205137307,0.8909145744739284
1.8820244964750337,0.4714683571359957,-0.7904744554453119,1.3454200461549777,-39.80922965773513
-0.24338397937501807,-0.2739930818293042,1.5628887685081978,-0.29983819627488056,103.89948289194903
1.2657078408647007,-1.0276751409259581,0.15985639199740037,-0.8661748482145009,14.50182599508423
-0.4070363129267805,-0.9539394193966448,0.014273067836434106,0.6863184569567008,13.57259713576653
0.3556689485632294,0.08669769941439658,0.347561613803552,0.19157739619408962,21.071813264237168
1.2130976999791834,-0.3164084496948019,-1.092312764672579,0.14171691363990474,-36.72031938879748
-0.773789199103573,1.876795812558066,0.41343490322370086,-1.244654703311417,38.989684896529866
-0.46603650186824225,-0.14760258629866868,0.32316771418478146,-1.5947030672667954,23.34411509910005
0.6963874474567153,-0.4532280493272752,-0.17018462252492844,0.9553052085705107,-21.794755275795943
-0.07964139124571515,1.4122205554154292,0.02421945667275807,0.4523717962497339,-10.246759102949076
-1.0589075870566005,-0.5057467042619367,1.9541574337502863,1.4816634024625988,84.9969482333133
-0.3270173176097711,-1.5975991695954321,-0.9245641143780999,-0.21345677935043825,-36.08105033697918
0.9331280723410693,0.33260751032419755,-0.5717460419560614,-0.22272070077660705,-14.752037209277367
-0.1087601484568576,1.5327389130025777,0.5193465142411723,0.40171172209894146,27.69479512738325
0.23402445435314795,0.5530400858523584,0.7751554940347831,-0.24852861807444937,32.68037851947546
-1.2931415437586478,0.3614173172731029,-0.7296024698074095,0.5723903111756757,-36.90690590330442
0.22213377163371284,-0.30917212346863937,-0.4344962274323156,-0.4787486216634773,-24.945059229561746
1.3254321090950785,-0.3220281544920584,1.6147787907098514,-1.4068150094975382,93.82675657678908
-0.5193963718261266,-0.13699548944245826,0.6789312900592783,-0.3409078773460798,53.982418776477886
-3.2412673400690726,-0.05952535606180008,-0.926930471578083,-1.0243876413342898,-53.59696736130715
-0.7699960661974573,-0.3519213178165091,-0.48720292119492714,-1.2961166642498945,-25.475991900228255
0.9163276747024814,-1.9982006845321076,0.07863519031609059,0.3464884758979927,7.747169159120847
0.5462842480036996,-0.014452270878279104,-0.47383934707091613,0.0064222698109378164,-10.022861093556111
-0.9983854391882915,0.46877425607502377,-0.6022120603617805,0.30179189981946597,-23.92401149544343
-0.772659445270824,-0.6769951384585313,-0.952316380738797,0.8301918118626102,-60.14364291502768
-1.1036698285303692,0.5221425459339358,0.9784221120280351,-0.33078922432755736,53.10288444504528
0.5796331732135757,2.589563642018614,1.1873860515647512,0.32579631658216646,52.760593817516536
-0.053120653017545344,0.3891591956679287,0.3721054726068629,1.2235688824186275,15.456732369541227
0.8294055811834892,-0.21910052880886424,0.32692737376416264,-2.211135309007885,8.132337729554266
-1.5350402475323597,-0.6176416769336966,2.2816518365388427,-1.8800100339077637,134.40254273854822
1.0375399442578992,0.3336621052869483,0.47897982574639186,-0.510016398854747,19.484234619549404
-2.4883273534129895,0.03444101170584135,-0.5098066931908826,-0.6582484123338483,-40.16404529696182
0.6928575842374367,0.8496119885162131,0.14304876987895235,0.5825713188088052,2.0392602366855055
0.04930833152022263,1.8904406851557827,-0.7316317389085281,0.7688396759688968,-49.382460635029666
0.47347189903522846,-1.0211624575603002,0.9515497705740428,-0.26764109089879357,32.884329379378244
-1.1057046684859357,-0.4108142879545848,-1.0909664302151982,-0.21492103028873533,-59.83441746512813
-0.5466800845872654,0.17682087213939798,-0.7217375533372533,-0.2716551103260533,-46.004545966311305
1.0857863249393471,0.4676931717654332,0.25373966149457344,0.09798315347089544,4.690830448866598
-0.12951724686344077,0.5835443030118876,1.0417246640588513,0.5798572852951321,45.43856594767972
-0.16306696394376388,-0.8818746512277178,-0.026521259249060063,-0.7449026448064491,6.049929393502891
0.06752820468792384,-0.22577630048653566,1.465648768921554,-1.4247481862134568,69.18556109515347
0.6870657958589163,0.3131321400131553,1.3764964500195378,1.466540859278603,69.77777851287613
-1.345870923473215,-0.30372602877666466,-0.6581164890752567,-0.8192578597214978,-25.69218447392079
1.5163940552535728,2.411676675578421,-1.1302037246739238,0.6021183203924835,-66.99652588775436
1.0602099074988798,0.5054701591666269,0.47635776935621926,2.7596600389110777,5.950816766976985
1.2208212988130478,-0.5336003064391669,0.5002404694365699,-0.8767737812118448,12.278752737639206
1.1797252083607102,-0.23052462518025083,-0.7179188907476018,0.1941076309533577,-65.3153685946401
0.8580141953021454,-2.3161438629688766,-1.1996975283653082,-0.8281962729652346,-65.7192307824915
-0.6459641791245353,1.3748764191481848,-0.18289644110484016,-0.7991920066502536,-20.076396189487014
0.5609194479412387,1.598647170504717,-0.25879606266710237,-0.29548031802916036,-19.464559646345812
0.793488720552213,0.8108082731597821,-0.1343087414705478,-1.7485319732381808,-7.728438643150835
-0.18315047105329468,-0.048088507330772585,0.8155010224442626,-0.35667313417987123,28.384858367075985
-1.4789115687741288,0.3918040054025465,-0.5462444482524828,0.18335991977915564,-21.725212537324825
0.6928557558178116,0.3958197810959231,-0.17909328501615626,0.73463754545933,-30.44459306649113
0.21319662823768915,0.6713400764504657,-0.1601327955666404,-0.7519693317388191,-23.627696490391525
-1.0727430257398065,0.7479102561175338,-1.9792998103757877,0.23924686411114954,-88.92166600305299
0.3376026620752022,0.2544208433012131,1.1677820616598074,-0.4118769661224674,76.70991158072432
0.22409248181041677,-0.40122047188583626,0.6901439917111125,0.01259240078179486,39.734151957162
-1.3281860488984305,-1.9596701238797756,0.2088635950047554,0.19686123586912352,10.562122257701512
-2.5623336587953105,-0.9943493746085122,-0.22859991534001858,-0.19102776260016902,-31.584221492049153
2.9490944253087252,-0.8254105299789551,-1.085150526557798,1.2446795807367868,-43.62996819322254
0.7077519354554754,1.8124485579969287,-0.6269670577877674,-0.5624667758942676,-40.54623962670901
-0.5923939242388692,-0.48712538376469605,-0.6506425691218269,-0.863990769679816,-6.095852227242492
0.6543656563540577,1.496044311489183,-1.7787202489042786,-0.05558467091045507,-114.20038357229221
-0.4911537471421047,-1.5486182988637467,-0.1767741631157821,-0.28487549336967083,-17.957574449386918
-0.41790954576589057,-0.03901951937754412,0.7793490039053323,-2.025807873111377,42.300680927972394
-0.20585943088034037,-0.19646658342809717,-0.5164296438875717,-0.7465783465402389,-5.766987472396671
0.19808476076785494,-0.024125087110003277,0.013929291912946203,-0.14436041192394247,7.572304473879904
0.7903718960517113,-0.2797601684958344,-0.2789629303318085,0.34005129456889044,-18.13607868996499
-0.4118233689636573,-1.3367254388759306,0.17528677893392386,0.13192796677195706,1.7051102351840068
0.08182935854756501,0.8384907744516419,-0.006070911539893324,-0.09888965319114267,-26.799605604834806
-1.0385438208439723,-0.3748220566218061,-2.9069882193216414,-1.6312758154609455,-141.77219054569642
-0.695694877197064,-1.2935076252040958,0.07125374991089249,-0.9181269834165748,-0.3563802515155019
-0.17495975669540864,0.9920423495365228,-0.6680904536430488,-0.7557451594928447,-59.46192562112796
0.49968511030293383,0.23940450053537707,-0.580053241370043,0.4720022709192744,-3.312310195851392
-0.29396694766418224,0.849102110743144,0.6955377575657775,-0.07159925185806683,22.191396624676933
-0.17585440443207118,-1.6431888111541673,-0.10325476014904739,1.6614701657280182,7.7641169663586265
1.7388996637975789,1.4223698616985077,-0.5975101946916416,0.9788580507817954,-46.78353765935488
-0.025574312191994436,-0.5089636257074988,0.39241596717876703,-1.7690759048891183,27.15756558509347
-0.9824873935383096,0.9407711879882159,-0.9896281365703375,-0.2246331499970246,-43.594013111705166
-0.3596296724524624,-1.7858664919341112,0.5731278132412001,0.3011073391917421,51.14234068443426
1.277664895788425,0.117327383308782,-0.020901593964148132,-0.5915713888358299,-7.124485414780743
0.6820520657126199,-0.7157599891107518,-0.06717829004935526,1.4872461553359273,-3.126815631223954
0.19548173155329082,0.5697603571986469,0.4914294527201998,-0.09884520123930605,13.677358852039813
-0.21701705042437042,-1.2585049106753345,-0.7095798547491726,-0.3084827884558197,-31.743288042263
-0.4263575962055433,-0.7517910500951843,0.29875290836568624,1.1484457091967548,-18.376057650222016
-0.15589817793666752,1.2358116200069387,-1.1165244399486591,-0.5482872964906009,-33.531682203977155
1.2119439853864005,-1.3659557112005343,0.6835693232004776,0.26125053123385605,35.297106942067856
0.5866938014752747,-0.25890497370407733,0.28328787154614216,-0.47490365662252443,6.745411673054208
-1.1063349740060282,-0.18565897666381712,-0.47917423784528995,-1.1962066240806708,-46.952074710950505
-0.19236096478112252,2.463242112485286,0.06023020994102644,0.30154734233361247,-13.042049133657898
0.3801978510059632,-1.3353443587101013,0.17770100093325383,0.6105857452838231,10.859161207352233
-0.18039168176240783,-0.3574454228104272,-0.19003903500149447,1.3728484746765302,-30.609070562161207
0.8128621188389601,0.30729952087660933,0.8995998754332507,0.6296288419236122,39.28165052185576
0.33088023221445706,-1.5558956462036273,0.2337859117907477,0.8335289616089246,25.395040371352614
-0.9006207346478687,1.6426729532559634,-1.1894118928673278,0.638391925608383,-55.782225028925225
-0.1671217137864115,-0.5830774385689385,0.8604734883597454,0.28257995048829965,34.22872061239701
0.9873345165891019,0.4663583744463345,-0.23401985910698136,-0.07595102364252276,-25.735027763489494
-1.2693304965466992,0.6927227551168594,0.22526411724754952,1.7025146581296056,20.458667878372083
-0.3294477863470914,-0.3020454994898642,0.6791427754381955,0.7318707042882956,46.90869015838616
-0.21113023882769444,-0.7191533192424201,-2.151815401329305,-0.987179527151184,-121.56292214836444
0.33417641724489744,-1.2417605754816243,0.2577525401427507,-0.15525904882474875,3.6517964686354727
-0.5353350870162231,1.2571492168625729,-0.4500128579958137,0.35845361820962024,-16.460591532423546
1.328194141849058,-0.25083301645504735,-0.32267983884213575,0.5562300094006599,-17.52524855969269
-0.20252422706483003,0.4809080927488954,1.1818910929599615,-0.5282970466629792,50.479298450163725
1.4711703274936085,-1.6135613978767411,-1.3719011429313563,-0.20932367715186612,-62.27253870068278
-0.0952955323869521,1.5774532797634744,0.24938368371075526,0.27902152577033923,10.823262119576114
-0.413465161123276,-1.3260476860820383,-0.35976864578908574,0.26028050658288615,-3.552198328908956
-1.2391070756539009,1.5490201514951873,0.1018562952619867,-1.46752526575244,6.923010577185628
-1.270061088712032,0.19405194360587402,0.3207857259326839,0.2869558543017087,-9.749671527204619
0.0754336389015928,0.7421274910718922,1.639964529371393,-1.6019658118971685,71.46430765531433
-0.016422896072752075,0.2237879516388985,-0.5176112990361714,1.188393273448084,-47.92202833324155
0.2671266510114834,-1.5841359430054898,-1.803139676255945,0.5087250232299338,-92.59999519259078
-0.30920907704986345,-1.4575514994649306,0.08243975293450329,-0.7521564055905832,27.35912856708084
0.8135172173696698,-0.3220615162056756,-0.7832532923362371,-1.2308643164339552,-52.44294522500075
1.1168337755299542,-0.23950192202174977,-0.09294420661358828,0.18641616974404632,-0.15426271936864122
0.010352619843380607,0.5578103063518622,1.3902075490173134,-1.3118362323501596,72.29144870703868
0.06008599461516361,0.7608466543114778,0.8875039674140593,0.3883120054234496,28.76673671603868
1.2065089665083568,0.14671368643332283,-0.16711808031685435,-0.8169356709872361,-14.050272997942423
0.028181157369128247,-0.8984679817910373,0.5365098435704035,-0.009118996644203544,28.574723203936014
2.1531824575115563,0.9592708260852069,1.4511436077950417,-0.7673475628880495,67.77081607987448
0.39069592092814415,0.3405892164004968,0.5514762752395233,-1.326472128311083,7.945727120015913
-0.03468488738678118,-0.7677975651041284,-1.0041407667520679,0.23421473253652075,-53.791187896987886
0.4400144500533324,-2.198805956620082,-1.448013900416244,-0.5020542243526112,-78.43340013226184
-0.8682927318763665,0.38961417737090387,1.8709651753717822,0.5346290861224353,116.97381511951667
-1.6009039784765156,1.4898634386020821,-0.22320225463480511,-0.828497024780246,-24.121337944979878
-0.5816809139486437,-0.20358036010236177,-0.3791277409874871,-1.0147567306928669,-2.6882549856146376
0.1733416643704082,0.05088770185601806,0.16476084123651674,0.24395319790850026,6.270440302061656
0.4818660617184915,-1.3224579567435701,-1.3510743662080213,0.547264797377967,-71.45776203611416
0.5681032051286461,1.4473056993918065,0.5062409893059261,-1.0496554989099411,52.42252998440773
2.012270445700765,1.090980425185967,0.38680852068920263,1.0237095461069814,6.9308300589124165
0.173180925851182,-1.245738778711988,0.21409374413020396,0.3853173797288368,13.913701113538346
-0.5767713305683327,-0.9075636620415979,-0.23894804686640975,0.755391225825756,-9.547343979425326
0.08658978747289992,-0.6039851867158206,0.37114587337130883,-0.15567723539207948,25.25284083699107
0.5027844268951942,-0.14896930976729691,-1.365824155415439,1.7963608229269636,-63.44203278365092
0.5376299029498797,0.9134737320174066,-0.41222074502447015,0.4281862478105761,-27.653926819389415
-1.2021495260760888,0.20438903160297678,-0.5555467794868666,-0.39568071175626385,-26.602155448541385
-0.9885911071509175,-0.09833962679474989,-1.6929568141953855,-1.103589317215771,-90.89045271195891
1.230874513154735,-0.4853058353678683,-0.742484232538384,1.6850142787085094,-55.08298855602106
-0.03361256470371301,0.820344012612456,0.2531652380379812,0.4547409121411344,26.670577407668986
1.259233239786799,-1.479444223139724,2.303638752104789,1.1464408704007276,129.8646052483644
0.028318376130461172,0.6815006973726244,-0.03955515385665504,0.02975613949574519,-0.8095043065183332
0.6523228784134196,0.8836599374866724,-0.17262729994081963,-1.5763921569842494,-26.688896522221548
-1.243863235391285,1.7495767431869393,-1.4026052717996935,-0.6929051977959073,-66.50359769018037
-0.012246772846914623,0.6283455092642799,0.6241198170521551,-0.8972543714858315,31.463504749566376
0.1920491164900316,0.39331783939437187,2.319329539981694,-0.3091164642025014,136.55302339085677
0.3514482075415829,0.7083038472010638,1.188913371474643,1.0701502383164274,56.926363334704895
0.2125740306322149,1.190548594343596,2.1650560678066024,1.0269862633197322,101.46956496273575
1.1173988159024608,0.501782736167545,0.1600182258527877,1.4484992298929262,3.034666746748374
0.3885786045309641,-2.152890592952483,-1.1033666061738736,2.4929995174327906,-56.52238422013654
1.484116028535965,0.47240627788037737,-0.9564363768180087,0.35561334878566,-70.50730676434166
-0.6231405264247644,-0.5309969550018176,-0.637739984251316,-0.5554771191602547,-1.1065264688097578
-0.524662407066803,-1.433151814524712,-0.14994071907910936,0.4936548476431509,8.609315520787987
1.0294574815983573,0.33868731792169,-0.1421465369405461,0.8723153800284503,-23.859998342479827
-0.524567013767051,0.3076126681891964,-0.14037505890533644,1.3522026788671444,-23.879317636712507
0.25866114785538813,-1.1140464501619933,-0.8110008636288448,0.21273977585766032,-34.78344288200482
0.9817654869915943,2.2524358053443088,-0.6881503451777238,-0.32483138350862245,-43.583968708332485
0.241321934916781,-0.29660745906979835,-2.529560077694303,-1.151014083619507,-116.18612134580924
-0.08059974929676088,-1.7762463334664518,-0.09546424708907303,-0.8330560570007587,3.5846488784238817
-0.5956612940434921,-0.6537663386488198,-0.9057323008626189,1.3744380931708173,-59.390339748982484
0.9753124584779789,-0.5014021468856367,-1.466785190615677,0.5156280884439565,-72.62972542222164
-1.2946814757209058,-1.1196698946261439,-0.36244094140313216,1.1608267873785194,-37.39291719051613
0.46926758980852623,0.3161559571827783,0.3350580290841175,-1.5355721232071058,27.229565689600538
-0.11676591579524663,-0.5495402745955349,0.9153902755601617,-0.6355578414044034,52.89267300613052
-0.30777823495300083,2.16325472330546,0.6454841811410754,0.21915032766393897,2.653964919767766
-0.5969742867210739,1.2302221756507876,0.3791531187261241,-2.390304367469438,-15.28339334759006
-0.7050118557584089,0.4190190093660452,1.6725723868377034,-0.05576907765770601,74.13734070344798
0.043602446372453724,0.5514853760404675,0.12320480678448567,1.695051040430753,22.39572928969411
-0.033126972873797095,-0.7309300399419191,-1.3793192280145272,1.7945578635177877,-63.23630007428074
-1.183258512665775,-1.7587394864231143,1.0584244868495878,-2.0392321777601006,48.53220400008555
-0.2646568332379561,1.4535340771573169,0.01300189187790702,2.720169166589619,-13.476289203523594
0.00020706491819709385,1.1210306673244714,-0.8224199323822006,-0.009300321138614417,-58.80702382815194
-0.5258796758952039,1.9532591375265682,-0.7090209576304904,0.17775010626803134,-28.49433550896349
-1.6924646297148194,1.0941915184709485,0.055724912288694604,1.5295503194606137,-6.355593253515149
0.2704568257798388,-0.8309501164110378,0.04852162794482699,-0.05023810944913695,-7.859857333899454
0.27669079933001905,0.3411519748166439,-0.0771017094141042,0.8271832490360238,13.431822578315234
-1.3902219251534627,0.996118214911129,0.13988723283912738,0.15776143929376948,4.508776038886438
-0.23893209916969432,0.5467335682013793,0.840620026504553,-0.36682441181468756,55.28125184833769
0.2891686439078181,0.4924512640081491,0.1664522082130561,2.4553001399108942,21.624814441959973
0.03823799496002834,-0.2346205699574138,0.8584511166566653,-1.4485914146335441,39.22006763993308
0.34980002456790754,2.6930336639804966,0.18383451632250436,-1.0040545968420103,16.267499138192093
-2.1961278210999464,0.5362909095171899,-0.06407776414871663,-0.16212397547985843,-8.990610239208833
-1.1761733365547806,1.1717179147161596,-0.6701152004542329,0.4875602970867186,-25.167883998772723
-0.684629825760004,1.0075136898369221,-1.8665399513606162,0.7906255991627686,-89.36414628434859
-0.12373268009975662,0.37006111526895535,-0.33912227927003874,0.45780560992578473,-20.565725034845876
-0.9701242603796436,-1.422974925261673,1.036087651046256,-0.3975577654917214,73.18604966310272
-0.06267909727317188,-1.0592135218889516,-0.5138669173366935,0.9551423205012383,-41.18662100687979
-0.6763923020592697,1.4401172154494728,-0.08973569428722672,1.8009404329108156,2.7192554121962695
-0.9194242342338032,0.4735924306351816,-1.0623037137261049,1.5499344050175394,-53.21984597536859
-0.3152692446403456,0.651391251305798,0.9540017634932023,0.7589692204932674,31.117465510708115
-0.5806483025539511,0.570507208354516,2.184096733380456,-0.6113852473886282,136.578007245937
-0.2595913513636048,1.669021525289393,-0.3357846992901282,-1.5031429531181062,-18.57832866511673
0.33231401197959165,1.277676821898509,-1.5341141707356223,-0.7484865365565536,-90.74754672101298
-0.07049877805909122,0.5296927543567308,0.056649924897107164,0.4865016438262019,-26.74131165550637
-2.6968866429415717,-0.2727235697476705,-0.24574306408594432,-0.05429486651781221,10.704730408679403
-1.1306153349375263,-0.7582820688875902,0.19502498402812674,0.6227112239002686,11.313984954291952
0.7589285897867651,0.8534155587803077,0.594754341665286,0.2811914239693758,53.59341068018033
0.29307247329868125,0.23225369716100355,-0.6800247215784908,-0.7143514180263678,-19.07941890638024
0.14866745720211155,1.490726136849952,-0.213442870930208,-0.33708597111803934,-30.513905413728523
0.8953554307625996,-0.8043157596599924,0.6295295842218108,-0.6315777291653314,8.093098845369507
0.8419836954521269,-0.8966422273152082,-0.11066536855732945,-0.36920720044744615,-11.152739395386199
-0.08268068584269925,-1.86653661707306,-0.7168223206028049,-0.12174750838328353,-55.72445653333084
-0.13944627568099954,1.2038844371688162,0.6157711497711416,-0.4501892648514116,33.6850049318002
0.007880184694728152,-0.24066517453021302,0.25719897035592737,-0.3256110521485036,-8.41511866722006
1.3286408282482312,0.10940847183297006,-1.2374266382225725,0.31318447386498,-62.06238041492046
-1.0708924980611123,-0.8571575564162826,0.6256673477650062,0.4824724152431853,30.86536286863747
-2.703232292999237,1.0010460925671412,0.1895816165987434,0.6778753195309076,-0.1932185480945794
-0.48943944251822213,-0.5308687729203206,2.5269324258736217,1.044160877069072,124.81509745429837
-0.03143917037477642,-0.9266983088473107,-0.41299782214343406,-0.8484286341908146,-21.41571816179364
1.2276689924732922,0.37405656984757213,-1.9937356425714554,-1.2096410186912054,-105.53611823946687
0.8484308822052846,0.058022734808395225,-0.04282338131157488,-2.246889333984605,31.156158220799995
-0.45909031021899177,0.4559041951707027,-0.6065033882157397,-0.6946003691631446,2.8267936781010974
0.6385924587773739,-0.9043166251044086,0.25972250172148187,-1.6615200622689599,14.90772967549283
-1.0917008761393143,0.6687416555925126,-0.005596018829046555,-0.387099702474401,-7.183042185035873
1.0176614668435024,-0.9175028210142636,-1.1225448062444139,0.271495310825648,-37.21875293501719
-0.7924199209999613,-0.14451867071551783,-0.6751782749743815,-0.3079615296390403,-30.48428274567078
0.47363207681145447,-1.1308884353259157,2.0565435648295414,-0.9263811299815384,77.77560900150502
-1.2032008553891445,-0.6497652268482671,0.8745170741325226,-1.042044412243103,61.06533450779443
0.46642998243352635,-1.356581804623405,0.2935579321666293,-0.03564148229748357,41.96334718712916
0.8721970000729778,1.057368305378225,1.218194711754256,-0.3150867311941086,45.599446419983366
0.24496657110872277,0.2436872114919123,-0.8222203955664315,-0.5069431753711298,-52.767665287331496
-0.41142660711600243,-0.463161362085399,1.2002617497388293,1.1539007342557472,73.56286843626094
-2.123895724309807,-0.5993926454440222,-0.8397218421807761,-0.525755021680761,-59.008749727573196
0.04522270899998256,-0.6273134459513029,1.1806409124521446,0.05119790188108534,51.04761800903094
0.08382662792936094,0.7890566873755189,0.7045065398247231,1.4104591452035038,65.77661226242165
0.9843223984765838,-0.998354040738791,1.5505004928140769,-0.21398884422550896,50.56376256347496
1.091310120594269,1.2360931752104374,-0.7355299425897666,0.609138120907177,-19.224741220364777
-1.0016200098949155,-0.6819842479977986,-0.24717738252059693,-0.2811002928859549,-45.90791306441206
0.01843393306539316,-0.18398333635267913,0.17086543812794186,0.34758170536167105,4.455677881494659
-0.44643361455052827,0.1866091231563581,0.6078965097165392,0.19408999289830758,52.13573437551663
0.028744822934817487,-0.3933388123273607,0.3686733088729012,1.2784518626072987,0.9178142449224325
1.8489560949453452,0.6962063648134184,-0.23093453020867796,1.1265650295477574,-20.16121159222453
-0.6997255079925856,0.03526355197172861,1.9647251329163893,0.213979910734222,106.54195256026985
0.6725737012027313,-0.24125765461854246,0.40981865692851255,1.8998819348952156,16.689421552959786
0.650201177958661,0.8724573282801447,-1.2803043986708944,-0.09917586377938291,-72.91483463892534
-0.4173668136050844,-0.9186865114860944,0.5555126463422483,-0.2950899142379063,46.66558224997139
0.9653974845911707,0.9262154022415924,1.42274813609994,1.2361307218062179,67.34780981736215
1.3821589910375272,1.1692955904456728,1.066674689589154,0.6487098875896427,42.585871805958135
0.12267031599479553,-0.9533286082587124,-0.4827435221820324,1.6246784584695606,-22.760145186056036
0.5861658003927833,1.3032780373160637,0.18106274277108234,-0.4124138182164804,-0.12986574587841737
0.5646059258936003,-0.3340772309799405,1.1243533598705027,-1.0196643386921156,70.08089413959506
0.31635832153614474,-0.5505519317084877,0.46436986354657417,-0.8852486861242225,18.163796508270305
1.75547569831549,-0.20447122098612153,0.38632331781156,1.5730197252148563,11.108942014722128
0.007063158628176452,0.04977368718096008,0.5006657213812097,-0.6603211394734471,44.744417122633934
1.305478807154329,0.8135096360006385,0.8254163489880298,0.02100384163275905,34.57863090405387
-1.6075598643689741,0.9375701376265584,0.6592456684324051,-0.7627247785662142,18.055781246927946
-0.9393353938187543,-1.9754665663538713,0.06447441481012024,-0.14408755572161547,1.8842150037607446
-0.7424705856980482,0.1946074552372427,-0.622649361734452,-1.3200225112207058,-55.82942774329664
0.44130715169924584,0.7719201548366751,-0.17280173739646437,-0.7331561971099966,4.6267008375149885
-1.2995812369275976,1.340461051790348,1.673452090298537,0.8297324178791745,71.11838613431173
0.2942241290134937,0.26348721533105957,-0.5029747705513431,-0.234407800316322,9.713934481340125
-0.7632861041785816,0.8872908372667421,0.8691560643892732,0.03793783544760203,67.16636766351938
-1.348185422105713,-1.7101683926566256,0.3078017688920592,0.743264094022715,28.327608875943586
-0.6414869090443096,0.01914777741575206,0.42588720619303577,0.487872284871074,2.406407378095494
-0.03275327021599839,-0.5468589412403921,-0.5736620068802363,-0.543424771133765,-30.445944669063632
0.8294748419317485,-0.9399031011088647,-0.7691423497872982,-0.19382613877280352,-46.16490588960754
-0.8181988834223072,-0.5511857163285334,0.7783610761666377,-0.0033744574109520514,42.82767267510609
-0.01926037973439464,0.7846042878980238,2.412615421612916,-0.2628908292082677,91.18103729296949
-1.344450511034277,-0.2817846088605072,-0.42018681709585726,-0.9186519464841982,-20.00836336975947
-1.4785862457798415,0.7708651938869668,0.23561455810856594,1.143754043206929,-0.05941982036237903
-0.5441140021141926,0.6031874310823431,-0.3286184757489846,-0.1627929060722942,-14.634033913468675
0.0917607765355023,-0.29900735046586746,0.08704706823817122,-1.9875689146008928,31.880419765703827
-0.5302576183724408,0.5040465155178444,-0.9857260463355437,-0.7928728322623442,-16.058284002174773
-0.39767969361460404,-0.12372894627483615,-0.3828171896129687,-1.1840305582225594,-3.210677765256893
1.7359638031652493,-0.6891878180895679,2.0752608726252655,0.1979107834626478,81.95992499379275
-1.2457173764463845,0.9184544439424138,0.975816719344709,0.054934110999848726,47.22201195776324
-0.3839712719523516,-0.9980606273144129,1.0519476177229186,0.2502002062516945,48.43918754724084
-0.22648409884983192,0.5820977034686158,1.221033695525353,-0.9594392367234797,64.03547823804362
-0.5286166817497568,-0.651356893791829,0.3996879517526416,0.5863640187550933,35.19439827076404
0.8071225966373103,-0.49163618563204736,0.20965941527462578,-0.9735461997044687,4.8561774331611085
-0.4473218956587512,1.0800480657146485,1.8732977762175456,1.281016361735113,107.7308676471651
0.5298041779152828,-1.129706854657618,0.8356921120651418,1.4415686206579004,-0.16606887409610493
0.486036289417637,-1.3354815690998914,0.5565531245337582,-1.5473039889383655,8.022318393375265
0.8481742126666681,-1.3671378064602457,0.46320629209912306,-1.232523314768509,8.61223392110711
0.32297450361766816,-1.3724655478841008,-0.501784192811532,-0.06100397185538355,-17.660872114391875
-0.24123605785632987,0.24333944932269183,-0.045586016355497805,0.3520553965142968,-1.7260502992645381
1.0318445394686349,0.19655477651157463,1.4469778843537329,-1.485560373036972,76.63201545373403
0.1847104747810833,-1.2549226680022925,1.0074439731951985,0.937915537510655,55.085212072774056
-2.553921134901955,-1.4848979684499035,0.9495541354413237,0.9343199112392737,29.56037417094924
1.642015160136369,-1.3230897934074983,-0.6389617476895022,1.0098170893426341,-36.72420267541294
0.8187776437548606,-1.1482632887526183,0.8113965544915921,1.5379319184125528,26.218338611847496
0.5150352672086598,-0.9378250399151228,-1.377669367957091,0.5137859509122088,-56.172678073251305
0.5531491563792091,-2.0820987031889873,0.242882013150275,-0.5482002981667726,13.04181184072077
1.884586305934609,1.088748619704186,-0.372206776071053,1.543243528272189,-20.52111269161947
-1.8461878622380938,1.0352493347237526,0.8901984111247868,-0.92951086019241,21.021001243867897
1.6449677135012837,1.3668742674445247,-1.5151910621985523,-0.24903603955637832,-92.56080362707267
0.18970616761039566,-1.3631740045928105,2.0243096232868525,-0.6619821777966091,108.67111667201604
0.3676492929914216,-1.3993061748019415,0.49986412374037137,-2.100026507651624,14.129164829623441
1.502357052096028,0.7175422557959623,-0.26940683444455776,0.07409478041977519,-23.210334190388558
-0.4749453111609562,-0.3345012358409484,-1.2002964070557762,-0.6533292325737119,-69.72920947976453
0.6659242520544614,0.49774308909139425,0.23007075919140207,0.4215866106144557,29.577905871894174
-0.1681438185847896,-0.620847598251116,-0.7877837519082389,-0.47209057769712737,-28.076279030270477
-0.4646172972983931,1.1876793884615637,-1.1790397911598025,0.2011596558728393,-49.24595749505074
-0.5938114080687051,0.07715649621771674,0.4283166923752375,-0.16563141031763223,8.588701601566326
0.47323762457354485,0.714000494092092,-0.2234627853258509,-0.07282891265687277,9.712307875038746
1.179440120721287,1.8314587658543537,-1.3202332070206422,-0.4691756521047048,-54.29321504809339
1.7269638512334051,-0.372833152091767,0.7223813578277714,-0.39963618561460235,43.675361793836046
0.2525688459966235,1.063940987560856,-1.7760117540484022,1.3845320475939062,-106.61687482961187
-1.5929937335316693,0.31978193414253697,-0.6013676439512137,0.440474737960399,-46.22509408016759
-0.6967718184295749,0.6256309336460009,0.5522999376795232,0.5820265670847269,29.831701182949246
0.6515219913395057,1.2748750412787222,0.8970661968871322,-1.1376856704248166,31.51487678649864
-0.22647889190152676,-0.82688035403986,-0.877982586756561,0.3673655068161781,-50.706369737675544
-0.3301200939664503,1.503419828428999,-1.5614932224418594,-0.2116669819311769,-56.50319392271612
0.3088330125989638,0.02127157673606165,1.2382830714336357,1.702214944635238,45.51640374149322
-0.1131280525157404,0.12307820165618115,0.6405429350747734,-1.2992163634458243,28.45828819422862
0.2773584619646759,2.042076040143744,0.10343812930810638,-0.022278979183713316,12.087222693442863
-0.5289777080640152,-0.6085897232397004,-0.8245141615276735,-1.0565576427602528,-42.46726376425005
1.4027943109360992,-0.9093874547947389,0.7910319470430469,-1.4018510627922809,27.436686087401604
1.9925153531681183,1.7193779062072967,-0.6058608207588934,-0.7666565877833479,-49.725886277585246
0.41293145427562433,-0.32138584165299344,-0.8254971967925115,-0.5637245528039747,-38.841751006015905
0.7931756882186773,0.14506374595938162,-2.018487864388638,-0.12205713212127726,-113.00904005958712
0.17183933979353122,0.8902475008365087,-1.091933900395313,0.5532512199847837,-71.48344399293754
2.2724347204468818,-0.09791524644290406,0.5222506360177785,0.8890371222798921,-13.272768409022746
1.5007597906343109,-0.4281151609659125,-1.556581898659751,0.8502217421134929,-74.80895031716189
1.2795186697601588,0.4243939378610126,-0.7955570679408823,-2.2168188393540644,-29.448320303717757
0.6404797952008238,-0.46649537922819795,0.9965705105794472,-0.19050310599781134,50.26525656601823
0.09707754934804039,0.5132674331133561,-0.5297602037670388,0.9686449905328892,-29.839117317038237
-0.5482687949250771,-0.5391227031489786,-0.6078752606758179,0.8333339117803071,-26.502905696912475
2.056207129940322,-1.9663565893760018,-1.0448091940210336,-1.1032083657216831,-44.62357232000037
0.39445214237829684,-0.4325581878196209,-0.48760622407249354,-0.42098448082026296,-18.118708061229796
1.0114630354083562,0.0036956718478473255,1.9625871905307948,1.341475915530881,71.11258448851163
2.0883747047807275,-2.8962553781936893,0.9980101098596522,-0.13958962815517376,39.25624108457768
2.0236062192296393,0.18474057889572446,-1.6076610271180587,0.006799844559997769,-56.22664880276315
-0.646227309843803,0.42719436187168486,0.9694572005267368,1.775310892609512,60.49968563299659
0.9113627221747217,1.987275999230808,-1.3683150388328105,0.10575379127148042,-71.91912452135233
0.820482181197364,1.1087035805829077,0.5906548306923093,0.5072740311072977,47.94720888192664
0.4572804046152411,0.08199555641356042,-0.7341737987784958,1.4558223221467665,-49.26536049614498
-0.24415663529064868,0.45353430151397983,1.613711269058647,0.9640871682883573,73.150280506319
-0.33130838318332273,0.9681846605328611,0.570612997219531,-0.6122367345077503,45.68714117970143
-0.9933586995819507,0.21209335307417523,-0.1643352058853912,-1.0158788269899783,11.280134391911629
-0.36550593698526584,-1.1071568168024517,1.2960630617813962,-0.15129922023252232,65.83336455998412
0.8711247034316923,2.075400798645439,0.2897748568964129,-0.32602353216784113,12.093545791997952
0.09933230542922587,-0.977555244798551,0.5009171876243808,0.751387123371789,-15.014679769437823
1.4033699701251907,-0.8610879101735704,0.4097627959594974,0.6979032725390276,9.503463438176652
1.1070806692869728,-0.9745293046706415,-0.13263374638257355,-0.12038116395359824,11.251250713725025
-0.6578345538521371,1.0305805856240573,0.5107920885275947,0.8545252270666157,-14.558952236028546
-0.6056155397368641,1.0399046873960764,-0.6690727386599166,1.8260097135469362,-16.924297578552157
1.3842728185105182,2.439752406339273,1.0225704320096403,0.5639091200523596,39.40050688948482
1.0240625258114624,1.2083662305931424,2.061503576636398,0.5925269492011831,90.63637139702595
0.5112025995249807,-1.830632896856457,-0.6540756831274238,1.3736585451629577,-30.287809643889112
1.5307508323436974,0.5999287299962045,-1.2096947428411076,1.2187618516973167,-58.41053899033083
-0.643518230380143,2.165002344901084,0.45588777208160763,0.9278401280812372,10.036985673621926
-0.39719531614598763,1.2906444609225471,2.01527511046064,-1.1022697404558555,99.91808737825453
-1.090399077442846,0.44194064956940904,0.16865467196672768,1.41093237974627,36.18841802306768
-0.5589218472715883,-1.5231869047837747,1.1950466289248425,0.37721187506452086,78.45549594533767
0.3227185603380895,-0.2886586389201383,-0.01851313599238993,-0.827230943552323,1.5288082928400861
0.5697672802322039,0.4567532191537839,0.34272534637770413,0.44770856001731496,25.494028416655194
-0.8304444065565653,-0.8082657216409264,0.08531814256502405,0.5225141052657575,-0.33801069823993224
0.5114995753618614,-0.535316712567659,0.4961991873633163,1.9351540400602292,33.27454831871374
0.132969674146876,-1.0265152994110602,1.073631749859772,-0.7001208149391732,57.404549927296394
-1.7785875840065168,1.192507512477975,0.6802161054504494,0.31965182591897723,26.259647637260077
0.32782117284308526,0.003375506597160999,-2.6357477390168778,0.9242701395378298,-133.69948511602362
-1.1509935774223028,0.11092258970986608,-0.5443827245251827,0.37569801834567196,-37.129489658767255
-1.015821818978397,1.1486373494287152,0.20056919723094285,0.06167984984797165,0.2069884860273632
0.7116148780888898,0.514438834058749,0.12029563171189886,-1.1246420918378692,-8.871556626886726
-0.0349884904969617,-0.7031764251258874,1.1492733262856758,1.77080063563551,64.81070875355151
0.024510174258942714,-0.7730097838554665,0.09767609854883172,0.49799829124544975,13.117230199942588
0.6663125009092119,-1.148794035158656,0.6793732829565033,0.4625912928539512,23.007226163518453
0.08520944963390106,-1.1476913898156673,0.32405702822156063,-2.9911359709007233,7.406242858594432
1.6122782579886454,0.9528745472029388,-0.13744851462769186,1.3149144535840473,-15.566373539738198
-0.07744346072599365,0.13106518621584873,0.4004813865063287,-1.1952937635992447,20.132488996886142
-1.5708761520684993,0.4477169258102776,-0.10730214400422888,-1.1267674689098053,-5.14613774398849
0.9154021177020741,-0.5017570435845365,-0.8084936028931876,0.32875110965968446,-56.04569258834648
-1.3192471945987674,-0.6256772874962124,1.0964692338108837,-0.20298063739565708,58.68716774250613
0.3241663524884421,-0.31026675659345604,0.6819529712949639,-0.13014305436768459,33.82101161685634
0.07959786237603639,0.13429649724779288,1.1701987091966037,0.5540577711159071,61.743763550159805
-1.703871586826719,-0.36650702036805183,0.9514492770580866,-0.9244659881295544,28.48283624181512
-1.2926253471522626,0.2078025073533134,0.8407344821295493,-0.5321685631271895,25.07907445917008
0.24380071377119883,0.7083564472993533,-1.0212328171307132,-0.5640786307367284,-60.9242284969213
1.1535903433169254,-2.1056469418403245,0.9778155496862003,1.3863493972628433,22.175642589259024
-1.0065425652796411,1.3175975356079597,0.1684609762696143,1.1398785611290454,23.191157213025296
-0.36361221221385587,0.1503017614618776,0.11422764866203965,-0.056945623721067457,45.105669746825086
0.5059655534558652,-0.9645377949101913,-0.2798103423770061,-0.7282722024066131,21.4988661482841
1.1834936668899279,0.4512253193185082,0.9003985883950636,-1.1780408673763807,42.816844250414235
1.0487071264165635,-0.7557915001583629,-0.1942691319785193,1.6554071130882952,-3.142682030772794
-0.40968659262949736,1.8296202017160872,0.8929538701087693,0.7123221595801621,31.145234394310098
1.3173940656343257,-0.535235211560568,1.0495527153193351,0.19759960469239965,39.64977915033053
0.3361449630262288,1.0071333364731596,-0.9733788380270346,-0.22747625995340778,-57.13301567075828
-0.275051697151644,-0.57581824064468,-0.5305011476105275,-2.301921164735585,-30.538653637218022
0.6862601903745135,-1.867265192591748,2.3146585666735087,-1.6127158711896517,133.6639986861937
-1.169916835710288,-0.5327008396619114,0.5136001065697166,-2.8722622132816493,44.866254292928616
0.49097495163825133,1.6073455760199926,-0.24869112618354708,0.7348777860498175,-5.484440410177076
-1.2070216478572156,0.33802348110170816,1.2769653860881878,-1.0753123930492379,64.11488899972139
-0.6373077470287948,1.2289805024890619,0.5348173363459102,0.45838670355148425,25.91101832191481
-0.1769472274940494,2.0102045387663496,0.6585442726728304,-0.7982972445384537,31.33232254899245
0.570890510693167,3.852731490654721,0.5150476863060479,1.135565640180599,28.292866847428677
0.7197579421481819,-0.19090379172729868,1.804348109786743,-1.2932729578711637,111.94820228481103
2.5733598032498604,-1.1065259087416703,-0.26888869055483056,0.05921843401448826,-20.35669477027285
-0.22979963057519381,-2.219300372747535,0.08589300629333041,-0.8514064342603136,33.389630182499744
-1.5047203740310022,-0.08310557262869477,-1.4063174636718339,0.7600559636896026,-47.2300615356111
-0.11564828238824053,0.1713682811899705,0.7384665799954104,-0.3011036955892888,37.59013731934259
0.28586539072490497,-0.38770155993598415,-0.6127886904843862,0.334456789987025,7.951740209429175
-1.280429352496283,0.6060099513456396,-1.5566291735239037,1.7547941819843647,-77.89805524890915
-0.0739475656083926,-0.15083771156669531,-0.46580556911816284,-0.4516594761596227,-29.85221471533139
0.1786947168104756,-0.39352985596972884,-1.1195461283831687,1.2292147842970504,-40.942168348191615
-1.9782252493748103,0.35147990035220167,-1.372859451481064,0.04693490206036963,-73.26036728800302
-0.4606387709597875,-0.7198442083947086,-1.4785219903674274,1.0571222262189157,-81.82383443287836
-0.8343230454915821,-0.9478927172689863,1.897767016745977,0.7640297815728595,78.52268732175139
-0.07443342910004629,-0.24751863555150475,-0.7271371758248686,0.620672097550678,-47.17425882753382
-0.5551995266931984,-0.0657502610729878,1.5655240292343404,1.8811570694405901,92.0294724218668
-0.78489831308224,0.014688194729197093,-0.1340171666729177,0.648280433843859,-12.593710380380175
-0.7393714074590363,-1.4769249275319014,-1.0973683189710666,1.1918993344135729,-45.37874286954532
-0.5081401976473109,-1.2207124259141586,-0.5505368494915835,-0.14778031881747153,-8.70389522311314
0.06699071722487192,-0.2813275571182134,0.7368438970924334,0.5159392177040995,28.89245748865225
-0.7019916878067554,0.04059169120388238,0.04886007032570433,-0.6629009175509482,2.8604176419971425
-0.0821511783925688,1.4437646040732595,-1.251539424190444,1.1172958315881276,-104.26887923144096
-1.1533505105959594,-0.9455068799427312,1.676393027208203,1.1373145423647293,82.06612237747947
